Alternative,g1,g2,g3,g4,g5,g6,Class
a1,0.333333,1,0,1,0,1,Cl2
a2,0.666667,1,1,0.5,1,0.5,Cl2
a3,0.666667,0.666667,0,0.5,1,0,Cl1
a4,0.666667,0.666667,0.666667,0,0,0,Cl1
a5,0.666667,0,0,1,0,1,Cl2
a6,0,0.333333,1,0,0,0.5,Cl1
a7,0.666667,1,0.666667,1,0,0,Cl1
a8,0,0.333333,1,0.5,0,0,Cl1
a9,0.666667,0.666667,0,0,0.5,0,Cl1
a10,0,0,1,0,0.5,0,Cl1
a11,0.666667,0.666667,1,1,0.5,1,Cl3
a12,0.666667,0,0.666667,1,0,1,Cl2
a13,1,0.666667,0.333333,1,1,1,Cl3
a14,0,0.333333,0.666667,0.5,0.5,0.5,Cl1
a15,1,0,0.666667,0.5,1,0,Cl1
a16,0.333333,1,0.666667,1,0.5,1,Cl3
a17,0,0,0.333333,0.5,0,1,Cl1
a18,0.333333,1,0.666667,0.5,1,1,Cl2
a19,0.333333,0,0.333333,1,0,1,Cl2
a20,0.333333,0.333333,1,1,1,0.5,Cl2
a21,0,0.666667,1,0,0,1,Cl1
a22,0.333333,0.333333,0.333333,0,1,0,Cl1
a23,1,0,0.333333,1,0,1,Cl2
a24,1,0.666667,0.666667,0.5,1,0.5,Cl2
a25,0,0,0,0.5,0,0,Cl1
a26,1,0.333333,1,0,1,1,Cl2
a27,0,0,1,0,1,0.5,Cl1
a28,0,0,0,0,0.5,1,Cl1
a29,0.333333,0,0.333333,1,1,0,Cl1
a30,0.666667,1,0.333333,0.5,1,0,Cl1
a31,0.333333,0,0,1,0.5,1,Cl2
a32,0.666667,0,0,0,1,0.5,Cl1
a33,0.333333,0.666667,0.666667,0,1,1,Cl1
a34,0.666667,0.333333,0,0,1,0.5,Cl1
a35,0,0,1,0.5,0,0,Cl1
a36,0.666667,1,0.666667,1,1,0.5,Cl3
a37,0,0.333333,0,0,0.5,0,Cl1
a38,0.666667,1,0.333333,0.5,0.5,0,Cl1
a39,0,0.666667,0.333333,0.5,0.5,0.5,Cl1
a40,1,1,0,0.5,1,1,Cl3
a41,0.333333,0.333333,0.666667,0,1,0.5,Cl1
a42,0,0,0,0,0,0,Cl1
a43,0.333333,0,0.333333,1,0,0.5,Cl1
a44,0.666667,0.333333,0.666667,0,0.5,1,Cl1
a45,1,0,0,0,0.5,0.5,Cl1
a46,0.333333,1,0,0.5,0.5,1,Cl2
a47,0.666667,1,0.666667,0.5,0.5,0.5,Cl2
a48,1,0.333333,1,0,1,1,Cl2
a49,1,0,0.666667,0.5,1,0.5,Cl1
a50,0.666667,0,0.666667,0,0,0.5,Cl1
a51,0.666667,0.666667,0.333333,1,1,1,Cl3
a52,0.333333,0,1,0,0,0,Cl1
a53,0.666667,1,1,0,0.5,0.5,Cl1
a54,1,0,1,0,0,1,Cl1
a55,1,0.333333,0.333333,0.5,1,0,Cl1
a56,1,0.333333,0.333333,1,0,0.5,Cl2
a57,0,0.666667,0.333333,1,0.5,0,Cl1
a58,0.333333,1,1,0,1,0,Cl1
a59,1,0,1,0.5,1,1,Cl2
a60,0,0.666667,1,1,0.5,0,Cl1
a61,0.333333,0.333333,0.666667,1,0.5,1,Cl2
a62,1,0.666667,1,0.5,0,0,Cl1
a63,1,1,0,0.5,0,0.5,Cl2
a64,0,0.333333,1,0,0,0.5,Cl1
a65,0.666667,1,0.666667,0.5,0,1,Cl2
a66,1,0.666667,1,0,0.5,0,Cl1
a67,0,0,0.666667,0,0.5,0.5,Cl1
a68,0.333333,0.333333,0,0.5,0,0.5,Cl1
a69,1,0.666667,1,0.5,1,0.5,Cl2
a70,1,1,1,0.5,0.5,1,Cl3
a71,1,0.333333,0.333333,0.5,0.5,0.5,Cl1
a72,0.333333,0,0.666667,0,0,0,Cl1
a73,0,0.666667,0.666667,0.5,0,1,Cl1
a74,0.666667,0.666667,1,0.5,0.5,0,Cl1
a75,0.333333,0.333333,0.333333,0.5,0,1,Cl1
a76,0.666667,0,1,0,0.5,0,Cl1
a77,0.666667,0.333333,0,1,1,0,Cl1
a78,0.666667,0.333333,1,0.5,0.5,0.5,Cl1
a79,0.333333,1,0.333333,1,0.5,0,Cl1
a80,0.666667,0.333333,1,0,1,0.5,Cl1
a81,1,0,1,1,0.5,0.5,Cl2
a82,1,0.666667,0.333333,0,0,0,Cl1
a83,0,0,0,0,1,1,Cl1
a84,0.666667,0.666667,0.666667,0.5,1,0.5,Cl2
a85,0.666667,0.333333,0.333333,0.5,0,0,Cl1
a86,0.666667,0.666667,0.666667,0,0,1,Cl1
a87,1,1,0.666667,0.5,1,0,Cl1
a88,0.333333,1,0,1,0,1,Cl2
a89,1,1,1,0.5,1,0,Cl1
a90,0,1,1,1,0,0,Cl1
a91,0.666667,1,1,0.5,0,0.5,Cl1
a92,0.333333,0.666667,0,1,1,1,Cl3
a93,1,1,0,0.5,0.5,0,Cl1
a94,0.666667,0.333333,0.333333,1,1,0,Cl1
a95,0.333333,1,1,0,0,0.5,Cl1
a96,1,0.333333,0,0,1,0.5,Cl1
a97,1,0.333333,1,0,0.5,0.5,Cl1
a98,0.666667,0.666667,0,1,0.5,1,Cl3
a99,1,0,0.666667,0,0,1,Cl1
a100,0,1,0.333333,0.5,0,1,Cl1
a101,0,0.666667,1,1,1,1,Cl3
a102,0.333333,0.333333,0.666667,0.5,0,1,Cl1
a103,0.333333,0.333333,0,0,0.5,0.5,Cl1
a104,0.666667,0.333333,0.666667,0,0,0.5,Cl1
a105,0.666667,0.333333,0.333333,0.5,1,1,Cl2
a106,0.333333,1,0.333333,0,0,0,Cl1
a107,0,0,0,0.5,1,1,Cl1
a108,1,0.666667,1,0,0,0,Cl1
a109,0.666667,0.666667,0.333333,0,0.5,0.5,Cl1
a110,0,0.333333,0,1,0,1,Cl2
a111,0,0.666667,1,1,0,0,Cl1
a112,0.666667,0,1,0.5,0.5,0.5,Cl1
a113,0.333333,0.333333,1,1,0,0.5,Cl1
a114,0,0.666667,0.666667,0,1,0.5,Cl1
a115,0.666667,0.666667,0,0.5,0.5,1,Cl2
a116,0,0.333333,0.333333,0.5,0,0,Cl1
a117,1,0.333333,1,0,0,1,Cl1
a118,1,0.333333,1,1,0.5,0.5,Cl2
a119,0,0.666667,0,1,1,0,Cl1
a120,0,0.666667,0.333333,1,1,1,Cl2
a121,0.333333,1,1,0.5,1,0.5,Cl2
a122,0.666667,0.333333,0.666667,1,0,0,Cl1
a123,1,0,1,1,1,0.5,Cl2
a124,0.666667,0.333333,0.666667,0.5,0,0.5,Cl1
a125,0,0.333333,0,1,0.5,1,Cl2
a126,1,0.333333,1,0.5,0,0,Cl1
a127,0.666667,0.333333,0,1,1,0.5,Cl2
a128,0,0,0.333333,0,0.5,1,Cl1
a129,1,0.666667,1,1,0,1,Cl3
a130,1,0.333333,0.333333,0.5,0.5,0,Cl1
a131,0,0.333333,0.666667,1,1,0.5,Cl1
a132,1,0.666667,1,0.5,1,0.5,Cl2
a133,1,0,0,0.5,1,0,Cl1
a134,0.666667,1,0,0.5,1,0,Cl1
a135,0.333333,0.666667,0.333333,1,0,0,Cl1
a136,1,0.333333,0.666667,1,0,0.5,Cl2
a137,0,0,1,1,0,0,Cl1
a138,0.666667,0,1,0.5,0,0,Cl1
a139,1,0,0.333333,0,0,0.5,Cl1
a140,1,1,0,0,0.5,0.5,Cl1
a141,0.666667,0.666667,0,0.5,0.5,0,Cl1
a142,0.333333,0,1,0,1,0.5,Cl1
a143,0.333333,0.333333,1,0.5,0,0.5,Cl1
a144,0.333333,0.666667,0,0,0.5,0.5,Cl1
a145,1,0,0,0,0,0,Cl1
a146,1,1,0,1,0.5,0.5,Cl3
a147,0.666667,0.666667,0,0,1,1,Cl2
a148,1,0.333333,0.333333,1,0.5,0,Cl1
a149,0.333333,0.666667,0,0,0,0,Cl1
a150,0,0,0.666667,0.5,0,1,Cl1
a151,0.333333,0,0.333333,1,0,1,Cl2
a152,0.666667,0,0.666667,1,0,1,Cl2
a153,0.333333,1,0.333333,0,0.5,0.5,Cl1
a154,0.333333,0,0.666667,1,0,0.5,Cl1
a155,0.666667,1,1,0.5,0.5,0.5,Cl2
a156,0.666667,0.666667,0.333333,0,0,0.5,Cl1
a157,0.666667,0.666667,0,0.5,0.5,1,Cl2
a158,0.666667,0,0,0.5,1,0,Cl1
a159,0,0,0,0.5,0,0.5,Cl1
a160,0,0.333333,1,0,1,0.5,Cl1
a161,0.333333,0.333333,0.333333,0,0,0,Cl1
a162,0,0.333333,0.333333,0.5,0,0.5,Cl1
a163,0,0.333333,0.333333,0.5,0,0.5,Cl1
a164,0.333333,0.666667,0.666667,0.5,0,1,Cl2
a165,1,0,1,1,0,0,Cl1
a166,0,0.666667,0.333333,1,0.5,1,Cl2
a167,0,0.666667,0.666667,1,0,1,Cl2
a168,1,0,0,0,0,0,Cl1
a169,0.666667,0.333333,0.333333,0.5,0.5,0.5,Cl1
a170,1,1,1,0,1,0.5,Cl2
a171,1,1,1,0.5,1,0,Cl1
a172,1,1,1,1,0.5,1,Cl3
a173,1,1,0.333333,1,1,0.5,Cl3
a174,0,0.333333,0.666667,1,0.5,0,Cl1
a175,0.666667,0.333333,1,0,0,0,Cl1
a176,0.333333,1,0.666667,0,0,0,Cl1
a177,1,1,1,1,0,0.5,Cl2
a178,0,1,1,0,0.5,0.5,Cl1
a179,0.333333,0.333333,0,1,0,0.5,Cl1
a180,0.666667,0.333333,1,0,1,0.5,Cl1
a181,0.333333,0.666667,0.666667,0,1,0.5,Cl1
a182,0.333333,0,0.333333,1,0,1,Cl2
a183,0.333333,0.666667,0,0,0.5,0,Cl1
a184,1,0,0,0,1,0,Cl1
a185,0.666667,0.333333,1,1,0,1,Cl2
a186,0.333333,1,0.333333,1,1,0,Cl1
a187,1,0,1,0,0,1,Cl1
a188,0.666667,0.333333,0,0.5,0,1,Cl1
a189,0.666667,1,0,0.5,0.5,0,Cl1
a190,0.333333,1,1,1,0.5,0,Cl1
a191,0,0.333333,0.666667,0,0,0.5,Cl1
a192,0.333333,0,0,0.5,1,1,Cl1
a193,0,0.333333,1,0.5,0.5,1,Cl1
a194,0,0.666667,1,1,0,0,Cl1
a195,0.666667,0.666667,0.666667,0.5,0,1,Cl2
a196,1,0.333333,1,0,0.5,0.5,Cl1
a197,0.333333,0,0.666667,1,0.5,0.5,Cl1
a198,0,1,0,0.5,1,0.5,Cl1
a199,0.666667,1,0.333333,0,1,1,Cl2
a200,0.333333,0.333333,0.333333,0.5,0.5,0,Cl1
a201,1,1,1,1,1,0,Cl2
a202,1,0,1,1,0.5,0.5,Cl2
a203,0,1,1,0,0.5,0.5,Cl1
a204,0.666667,0.666667,1,0.5,0.5,1,Cl2
a205,0,0.666667,0.333333,1,0,1,Cl2
a206,0.666667,1,0.333333,0.5,1,0,Cl1
a207,0.333333,0.666667,0.333333,0,0,0,Cl1
a208,0.666667,0,0,0,1,0.5,Cl1
a209,1,0,0.666667,0,1,0,Cl1
a210,0,1,1,0.5,0,1,Cl2
a211,0.666667,0,0.333333,0,1,0,Cl1
a212,0.666667,0.333333,1,0,0,1,Cl1
a213,0.666667,0.666667,0.666667,1,0.5,0,Cl1
a214,0.666667,0.333333,0,1,0.5,0,Cl1
a215,1,0,0,0,1,0,Cl1
a216,0.333333,0,0.666667,0.5,0,1,Cl1
a217,0,0.666667,1,0,0,0,Cl1
a218,1,1,1,0,1,0.5,Cl2
a219,0.666667,0.333333,0.666667,1,1,1,Cl3
a220,1,0,1,0,0.5,1,Cl1
a221,0.666667,1,0.666667,0,0.5,0,Cl1
a222,0,1,1,0.5,0.5,0.5,Cl1
a223,0.666667,0.666667,0,0.5,0.5,0,Cl1
a224,1,0.666667,0.666667,0.5,0,0.5,Cl1
a225,0.666667,1,0.333333,1,0.5,0,Cl1
a226,0.333333,0.333333,0,0,0.5,0.5,Cl1
a227,0,0.666667,0.666667,1,0,0,Cl1
a228,0.666667,0,0,0.5,0,0,Cl1
a229,1,0,0.333333,0.5,0,0,Cl1
a230,1,0,0,0,0,1,Cl1
a231,0.666667,0.666667,1,1,0.5,0.5,Cl2
a232,0.333333,0.666667,0,0,1,0,Cl1
a233,0.666667,1,0.333333,0,1,1,Cl2
a234,0.333333,0.666667,0.666667,1,0,0.5,Cl2
a235,0,0.333333,0.666667,0,0.5,0,Cl1
a236,0.666667,0,0,0,0.5,1,Cl1
a237,0.333333,1,0.333333,0.5,1,0,Cl1
a238,0.333333,0.333333,0,0,0.5,1,Cl1
a239,0.333333,0,0.333333,0.5,0,0.5,Cl1
a240,0.666667,0.333333,0.333333,0.5,0.5,0,Cl1
a241,0,0.333333,0.666667,1,1,0,Cl1
a242,0.333333,0,0,0.5,1,1,Cl1
a243,1,0.666667,0.666667,0.5,1,1,Cl3
a244,0.333333,0.666667,0.666667,0,0,0,Cl1
a245,1,0.666667,1,0.5,0,0,Cl1
a246,0,0.333333,0.333333,0.5,1,0.5,Cl1
a247,0.333333,1,0.666667,0,1,0,Cl1
a248,0.333333,0,0,1,0.5,1,Cl2
a249,1,0.333333,0.333333,1,0.5,0,Cl1
a250,0,0.666667,0,0.5,1,0,Cl1
a251,0.333333,0,1,0,0.5,0.5,Cl1
a252,1,0,0.333333,0.5,0,1,Cl2
a253,1,0.666667,1,0.5,0,1,Cl2
a254,0.333333,0.666667,0.666667,1,0,0,Cl1
a255,0,1,0.333333,0,1,1,Cl1
a256,0.666667,0.666667,0.666667,0.5,0.5,0.5,Cl1
a257,0.333333,1,0.666667,0,0.5,0,Cl1
a258,0,0.666667,0.333333,0,0.5,0.5,Cl1
a259,0.333333,0.666667,0.666667,1,1,0.5,Cl2
a260,0,0,1,0.5,1,0,Cl1
a261,0.333333,0.666667,0,0,1,1,Cl1
a262,0.333333,0.333333,0.666667,0.5,1,1,Cl2
a263,0.333333,0.333333,0.666667,0.5,1,1,Cl2
a264,0,0.666667,0,0,0.5,1,Cl1
a265,1,0.666667,0,1,0,0.5,Cl2
a266,0.333333,0.666667,0.333333,1,0,0,Cl1
a267,0.333333,1,1,0,0.5,0,Cl1
a268,0,0,1,0.5,1,0,Cl1
a269,0,0.666667,1,0.5,0,0,Cl1
a270,0.333333,1,1,1,1,0.5,Cl2
a271,0.666667,0.666667,0,1,0.5,1,Cl3
a272,1,0.333333,1,0,0.5,0,Cl1
a273,1,1,1,0,1,1,Cl2
a274,0.333333,0,1,0,1,1,Cl1
a275,0.666667,0.666667,0,0,0,0,Cl1
a276,0.333333,0,0,0,1,0,Cl1
a277,0.333333,0.333333,0.333333,1,0,0.5,Cl1
a278,0,0.666667,0,0.5,1,0.5,Cl1
a279,0,0.333333,0.333333,0.5,1,1,Cl1
a280,0.333333,0.333333,0.333333,1,1,1,Cl2
a281,1,1,0.666667,1,1,0,Cl2
a282,0,0,0.333333,1,0.5,0.5,Cl1
a283,0,0,0.333333,1,1,1,Cl2
a284,0,0.333333,0,1,0,0,Cl1
a285,1,1,0.666667,0.5,1,0.5,Cl2
a286,0,0.333333,0,0,0.5,0.5,Cl1
a287,0,0,0,0,0.5,0,Cl1
a288,1,0.666667,1,1,0,0,Cl1
a289,1,0,1,0.5,1,0.5,Cl1
a290,0.666667,1,1,0,1,0,Cl1
a291,0.333333,0.666667,0,0,0.5,0.5,Cl1
a292,0.666667,0.666667,0.666667,0.5,1,0.5,Cl2
a293,0.333333,0.333333,0,1,0.5,0,Cl1
a294,0,0.333333,0.666667,0,1,0,Cl1
a295,0,0,1,1,0,0.5,Cl1
a296,0,0.666667,0.333333,0,0,1,Cl1
a297,0.333333,0.333333,1,1,1,0.5,Cl2
a298,0.666667,0,1,0.5,1,0.5,Cl1
a299,0,1,0,0,0.5,1,Cl1
a300,0.666667,0,0,1,0.5,1,Cl2
a301,0,0.666667,0.666667,0.5,0,1,Cl1
a302,0,1,0,1,0,0,Cl1
a303,1,1,1,0.5,0,0.5,Cl2
a304,1,0,0,0,1,1,Cl1
a305,1,1,1,1,0,0.5,Cl2
a306,0,1,0.333333,0.5,0,0,Cl1
a307,0.666667,0.333333,0.333333,0.5,1,0,Cl1
a308,1,1,0.666667,0.5,1,1,Cl3
a309,0,1,0,1,1,0.5,Cl2
a310,1,1,0,0,0.5,1,Cl2
a311,0.333333,0.333333,0.333333,0.5,1,1,Cl2
a312,0.333333,0,0.333333,0.5,0.5,0,Cl1
a313,1,0.333333,1,0.5,1,0.5,Cl2
a314,0.333333,0.333333,1,0,1,1,Cl1
a315,0.666667,0.333333,0.666667,0,0,1,Cl1
a316,1,0.666667,0,0.5,0.5,0,Cl1
a317,0.333333,0.666667,0,1,1,0.5,Cl2
a318,0.666667,0,0,1,0.5,0.5,Cl1
a319,0.333333,0,0,0,1,1,Cl1
a320,0,0,0.666667,0.5,1,1,Cl1
a321,0,0.333333,0.666667,0.5,0,0.5,Cl1
a322,0.333333,0.333333,0.333333,0.5,0.5,0,Cl1
a323,0.666667,1,0.666667,0,0,0.5,Cl1
a324,1,0,0.333333,0.5,0.5,0.5,Cl1
a325,0,0.333333,0.333333,0,0,0,Cl1
a326,0,0.666667,0,0,1,1,Cl1
a327,0.666667,0.333333,0.333333,0.5,0,0,Cl1
a328,1,0.333333,0.666667,1,1,0,Cl2
a329,0,0,1,0,1,1,Cl1
a330,0.333333,0.333333,0.333333,0.5,1,0.5,Cl1
a331,0,0,1,0.5,0.5,0,Cl1
a332,0.333333,0,0,1,0,1,Cl2
a333,0.333333,1,0,0.5,0,0.5,Cl1
a334,1,0.666667,0.666667,1,1,0.5,Cl3
a335,0,1,0.666667,0,1,1,Cl1
a336,1,0.666667,0.666667,0,0,0,Cl1
a337,0,0.333333,0.666667,0.5,0,0,Cl1
a338,0.333333,0.666667,0.333333,0,1,1,Cl1
a339,1,0.333333,1,1,1,1,Cl3
a340,1,0.333333,1,0,0,0.5,Cl1
a341,1,1,0.333333,0.5,1,1,Cl3
a342,1,0,0.666667,0,1,1,Cl1
a343,1,1,0.666667,0.5,0,1,Cl3
a344,0.666667,0,0,0,1,1,Cl1
a345,1,1,0.666667,0.5,0,1,Cl3
a346,0.666667,0,0.333333,0,1,0.5,Cl1
a347,0.333333,0,0.666667,0,0,0.5,Cl1
a348,0.333333,0.333333,0.666667,1,1,0,Cl1
a349,0.333333,0.666667,0.666667,1,1,0,Cl1
a350,1,1,0,0.5,0,0,Cl1
a351,0,0,0.333333,0.5,0,0,Cl1
a352,0.333333,0.333333,0,1,0.5,0.5,Cl1
a353,1,0.333333,0,1,1,0,Cl1
a354,0.666667,0.333333,0.666667,0,0.5,1,Cl1
a355,0.333333,0.333333,0,0,0,0,Cl1
a356,0,0.333333,0.666667,0,0,1,Cl1
a357,1,0.666667,0.333333,1,0.5,0.5,Cl2
a358,0,0.333333,1,1,1,0,Cl1
a359,0,0.666667,0,0,1,0.5,Cl1
a360,0.333333,0,1,0.5,1,1,Cl2
a361,0.666667,0.666667,1,0.5,1,0.5,Cl2
a362,0.333333,1,0.333333,0.5,1,0,Cl1
a363,0.666667,0,0.666667,0.5,0,0,Cl1
a364,1,0.333333,0,0.5,0,1,Cl2
a365,1,1,0.666667,0,0.5,1,Cl2
a366,0.666667,0.333333,0.666667,0.5,1,0,Cl1
a367,1,0.666667,0.333333,1,0.5,0,Cl1
a368,1,0.333333,1,0.5,0.5,1,Cl2
a369,0,1,0.666667,0.5,0.5,0.5,Cl1
a370,0.333333,1,0,0,1,0.5,Cl1
a371,0.333333,0.333333,0.666667,1,0.5,0,Cl1
a372,0.333333,0.666667,0.666667,0,0.5,0.5,Cl1
a373,0,0.666667,1,1,0,0,Cl1
a374,0,1,1,1,0,0.5,Cl2
a375,0,0.333333,0,0.5,0.5,0.5,Cl1
a376,0,0.333333,1,1,0,0,Cl1
a377,0,1,0.333333,0,0.5,0.5,Cl1
a378,0.666667,0.333333,0.333333,0,1,0.5,Cl1
a379,0,0.333333,0.333333,1,1,0.5,Cl1
a380,0,0.333333,0,0.5,1,0,Cl1
a381,1,1,0.666667,1,0,1,Cl3
a382,0,0,0.333333,0.5,0.5,0.5,Cl1
a383,1,0,1,0.5,0.5,1,Cl2
a384,0.666667,0,1,0,0.5,1,Cl1
a385,1,0.666667,0,1,0,1,Cl3
a386,0,1,0,0,1,0,Cl1
a387,1,0,0.333333,1,0.5,0.5,Cl2
a388,1,0,0.333333,0,0.5,0,Cl1
a389,0.666667,1,0,0.5,1,0,Cl1
a390,0,0.666667,0.333333,0,0,0.5,Cl1
a391,0.333333,0,0,0.5,0,0.5,Cl1
a392,0.666667,1,1,0,0.5,1,Cl2
a393,1,0.666667,0,1,0,1,Cl3
a394,0.666667,0,0.333333,1,0.5,1,Cl2
a395,0.333333,0,0,1,0,0.5,Cl1
a396,0,0.666667,0,1,1,0.5,Cl2
a397,1,0,0.666667,1,0,0,Cl1
a398,0,0.333333,0,1,0,1,Cl2
a399,0.666667,0.333333,0.666667,0,0,0,Cl1
a400,0,0.666667,0,0.5,0,0,Cl1
a401,0.333333,0,0.666667,0,1,0.5,Cl1
a402,0,0.333333,0.333333,0,1,0.5,Cl1
a403,0.666667,1,0.333333,1,0.5,1,Cl3
a404,0,1,0.666667,0.5,0.5,0.5,Cl1
a405,1,0.333333,0.666667,0,1,0.5,Cl1
a406,0,0.333333,0,0.5,1,1,Cl1
a407,0,0.333333,1,1,1,0.5,Cl1
a408,0.666667,0.333333,1,1,1,0,Cl1
a409,0,0.333333,0,1,1,0,Cl1
a410,1,0.666667,0,0,0,0,Cl1
a411,1,1,0.666667,0,0,0.5,Cl1
a412,0.666667,1,1,0,1,0.5,Cl1
a413,0,1,0.333333,0,0.5,0.5,Cl1
a414,0.666667,0.333333,0.333333,0,0.5,0,Cl1
a415,0.333333,0.666667,1,0.5,0.5,1,Cl2
a416,0,1,0.666667,0.5,1,1,Cl2
a417,0.333333,0,0.333333,0.5,0.5,0,Cl1
a418,0.333333,0.666667,0.333333,0,0,0,Cl1
a419,0,1,1,0,0.5,1,Cl1
a420,0.666667,0.333333,0.333333,1,0.5,1,Cl3
a421,0,0.666667,0,1,0,0.5,Cl1
a422,0,0.333333,0.333333,0.5,1,1,Cl1
a423,0.333333,0.666667,0,0.5,1,0,Cl1
a424,0.666667,1,0.333333,0,0.5,1,Cl2
a425,0,0.666667,1,0,0,0.5,Cl1
a426,1,1,1,1,0,0,Cl2
a427,0.666667,0,0.666667,1,0,0.5,Cl1
a428,0.666667,1,0.333333,1,0,1,Cl3
a429,1,1,0,0.5,1,0,Cl1
a430,0,0,1,0,0.5,0,Cl1
a431,0.333333,1,0.333333,0,1,1,Cl2
a432,0,1,0,0,0.5,0,Cl1
a433,1,1,0,1,0,0,Cl1
a434,0.333333,0.333333,0,0,1,0.5,Cl1
a435,0.333333,0.666667,0.666667,0,0.5,0.5,Cl1
a436,0.333333,0.666667,1,0.5,1,0,Cl1
a437,0,1,0.333333,0,1,1,Cl1
a438,0.666667,0.666667,0,0.5,1,0,Cl1
a439,0.333333,0.666667,1,0,1,0.5,Cl1
a440,0.333333,0.333333,0.666667,1,0,1,Cl2
a441,0.666667,0.333333,0.333333,0,0.5,0,Cl1
a442,0,1,0,1,0.5,0,Cl1
a443,1,0.333333,1,0,0.5,0.5,Cl1
a444,0.666667,0,0.666667,1,1,0,Cl1
a445,0,0,0,0.5,0,0.5,Cl1
a446,0.666667,0,0.666667,0.5,0,1,Cl1
a447,0.333333,1,1,1,0.5,1,Cl3
a448,1,0.666667,1,1,0,0.5,Cl2
a449,0.666667,0.666667,1,1,1,0.5,Cl2
a450,0.666667,1,1,0,0.5,1,Cl2
a451,1,0,0.666667,0,1,1,Cl1
a452,1,1,0.666667,0,1,1,Cl2
a453,1,0,0.666667,1,1,0.5,Cl2
a454,0.333333,0.333333,0.666667,0.5,0.5,0,Cl1
a455,0,0.666667,0.333333,1,0.5,0.5,Cl1
a456,0.333333,0.666667,0.333333,0.5,0,0.5,Cl1
a457,0.333333,1,0.333333,0,0,0,Cl1
a458,0,0.333333,0,0,1,0.5,Cl1
a459,0.666667,1,1,1,0,0.5,Cl2
a460,0.333333,0.666667,0.333333,0,0,0,Cl1
a461,0.666667,0,1,1,0.5,1,Cl2
a462,0.333333,1,1,0.5,1,0,Cl1
a463,1,0.333333,0.666667,0,0,0.5,Cl1
a464,0,0,0.333333,0.5,0.5,1,Cl1
a465,0.333333,1,0.333333,0.5,1,1,Cl2
a466,0.333333,0.666667,0.666667,1,1,0,Cl1
a467,1,0.333333,0,1,0,0,Cl1
a468,0.333333,0.333333,0.333333,1,0.5,1,Cl2
a469,0,0,0.333333,0.5,0,0,Cl1
a470,0.333333,1,0,0.5,0.5,0,Cl1
a471,0.666667,0.666667,0.333333,1,0.5,0.5,Cl2
a472,0.333333,0.333333,1,0,0.5,0,Cl1
a473,1,0.666667,0.666667,0,0,0,Cl1
a474,1,0.333333,0.333333,1,0,1,Cl3
a475,0.333333,1,0.333333,0,1,1,Cl2
a476,0.333333,1,1,0.5,1,0.5,Cl2
a477,0,1,1,0.5,1,1,Cl2
a478,0.666667,0.666667,0.333333,1,1,0,Cl1
a479,0.666667,0.333333,1,1,1,0.5,Cl2
a480,1,0.666667,0.666667,1,0,0.5,Cl2
a481,0.333333,0,0.333333,0.5,1,0,Cl1
a482,1,1,1,1,1,1,Cl3
a483,0.666667,0.666667,0.666667,0,1,0,Cl1
a484,0.666667,1,0.333333,0,0.5,0.5,Cl1
a485,0.333333,1,0.333333,0.5,1,0.5,Cl1
a486,1,1,1,1,1,0.5,Cl3
a487,0.666667,0.666667,0.666667,1,0.5,0,Cl1
a488,0.333333,1,0.333333,0,1,0.5,Cl1
a489,0,0.666667,1,0.5,1,0,Cl1
a490,0.333333,0.666667,0.333333,0.5,1,0,Cl1
a491,0.666667,1,1,1,1,0,Cl2
a492,0,0,0,0.5,0,0.5,Cl1
a493,1,0.333333,0.666667,1,1,0,Cl2
a494,0,0.333333,0.333333,0.5,0,1,Cl1
a495,1,0.666667,0,0,0.5,0,Cl1
a496,0.333333,0,1,1,1,0.5,Cl1
a497,0.333333,1,0.666667,0.5,1,0,Cl1
a498,0.666667,0.333333,0.333333,0.5,1,0.5,Cl1
a499,0.666667,0.333333,0.666667,0.5,1,1,Cl2
a500,0.333333,1,0,1,0,1,Cl2
a501,0,0.333333,0.333333,0,1,0,Cl1
a502,0,0,0,1,0,1,Cl1
a503,0.333333,0.666667,1,0,0,1,Cl1
a504,0,0,0.333333,0.5,0.5,1,Cl1
a505,0,0.333333,0.666667,0,1,0.5,Cl1
a506,1,0,0.666667,1,0,0,Cl1
a507,0.333333,1,0,0.5,0,0,Cl1
a508,1,0.666667,0.333333,1,0,0.5,Cl2
a509,1,1,0.333333,1,0.5,0,Cl2
a510,0.333333,0.666667,0.666667,1,0.5,1,Cl3
a511,0,0.333333,1,0,0,0.5,Cl1
a512,0.333333,0,0.333333,0.5,0.5,0,Cl1
a513,0.666667,0.333333,1,1,1,0.5,Cl2
a514,0.666667,1,0,0,0.5,0.5,Cl1
a515,0,0.333333,0.666667,0,1,0.5,Cl1
a516,0.333333,0.333333,0,0.5,0,0,Cl1
a517,0,0,0.333333,0,0,0.5,Cl1
a518,0.333333,0,0.666667,0.5,0,0.5,Cl1
a519,0,1,0.333333,0.5,0,1,Cl1
a520,0.666667,0,0,0.5,0.5,0.5,Cl1
a521,0.333333,0,0.333333,0,0.5,0,Cl1
a522,0.666667,0.333333,0,0.5,1,1,Cl2
a523,0.333333,1,0.666667,1,1,1,Cl3
a524,0.333333,0,0,0.5,0,0.5,Cl1
a525,0.333333,0.333333,0.333333,1,1,0,Cl1
a526,0.666667,0.666667,0,1,1,0,Cl1
a527,0,0.666667,0,0,0,0.5,Cl1
a528,0.666667,0.666667,0.666667,0.5,0.5,0,Cl1
a529,1,1,0.666667,0.5,1,1,Cl3
a530,0.666667,0.333333,0.666667,0.5,0.5,1,Cl2
a531,0.666667,0.333333,1,1,1,1,Cl3
a532,0.666667,0.333333,0,1,0.5,0,Cl1
a533,1,1,0.333333,1,1,0,Cl2
a534,0.333333,0,0,1,0.5,0.5,Cl1
a535,0.666667,0,0,0,0,0,Cl1
a536,0.666667,0.333333,0,0.5,0.5,0.5,Cl1
a537,1,0.666667,1,0.5,0.5,1,Cl3
a538,0.666667,0.333333,0,1,0.5,1,Cl2
a539,1,1,1,1,0.5,1,Cl3
a540,0.333333,0.666667,1,0.5,0,0,Cl1
a541,0.666667,1,0,1,0.5,1,Cl3
a542,0.333333,1,0.666667,0.5,1,1,Cl2
a543,0,0.666667,0.666667,1,0,0,Cl1
a544,0.333333,0.666667,1,0.5,1,1,Cl2
a545,1,0.666667,1,0.5,0.5,0,Cl1
a546,1,1,0,1,0.5,1,Cl3
a547,0.333333,0,0.333333,1,0,0,Cl1
a548,1,1,0,1,0,0,Cl1
a549,0.333333,0.666667,0,1,0.5,1,Cl2
a550,0.333333,0,0.666667,0,1,1,Cl1
a551,0.666667,0.666667,0.333333,1,0.5,1,Cl3
a552,0.333333,1,0.333333,0,1,0.5,Cl1
a553,0.666667,0.333333,0.333333,0,1,1,Cl1
a554,0,0.333333,0.333333,0.5,0,0,Cl1
a555,0,0.666667,0,0.5,0,1,Cl1
a556,1,0,0,1,0.5,1,Cl2
a557,0,0.333333,0.666667,0,1,0,Cl1
a558,1,0.666667,0.333333,1,1,1,Cl3
a559,0,0.333333,1,0.5,1,1,Cl2
a560,1,0.666667,0.666667,1,0.5,0,Cl2
a561,0.333333,0.333333,0,0.5,0.5,0,Cl1
a562,0,1,0.333333,1,1,0,Cl1
a563,0.333333,0,1,1,0.5,0.5,Cl1
a564,0.333333,0,1,0,1,1,Cl1
a565,0.666667,0.333333,0.333333,0,0.5,1,Cl1
a566,0.333333,0.666667,0.333333,0.5,1,0.5,Cl1
a567,0.333333,0.666667,0.666667,0,0.5,0,Cl1
a568,1,0.666667,1,0,1,0,Cl1
a569,0,0.333333,0.333333,0.5,0,0.5,Cl1
a570,0.333333,0.666667,0.333333,1,0,0,Cl1
a571,1,1,0.666667,1,0.5,1,Cl3
a572,1,0.333333,0.333333,0,0,0.5,Cl1
a573,0.333333,1,0,1,0,0,Cl1
a574,0.333333,0.333333,0.666667,1,0.5,0.5,Cl1
a575,0.333333,0,1,1,1,0.5,Cl1
a576,1,0.666667,0,0.5,0,0.5,Cl1
a577,1,0.666667,1,1,0.5,1,Cl3
a578,1,1,0.333333,0,0,0.5,Cl1
a579,0.666667,0.666667,1,0.5,0.5,0,Cl1
a580,1,0.333333,0.666667,1,0.5,0.5,Cl2
a581,0.666667,1,1,0,0.5,0.5,Cl1
a582,0.666667,0.666667,1,1,1,0,Cl2
a583,0.333333,1,0.333333,1,0.5,0.5,Cl2
a584,0.666667,0.333333,0.666667,0,0.5,1,Cl1
a585,0.333333,0.666667,0.333333,1,1,1,Cl3
a586,0.666667,0.333333,0,0.5,1,1,Cl2
a587,0.333333,0,0.333333,0.5,1,1,Cl1
a588,0,0.666667,1,1,0.5,0.5,Cl2
a589,0.333333,0,0,0.5,0.5,1,Cl1
a590,0,1,1,1,0.5,0.5,Cl2
a591,1,1,0.666667,0.5,1,0.5,Cl2
a592,1,0.666667,1,0,0,1,Cl2
a593,1,1,0.666667,1,0,0.5,Cl2
a594,1,0.666667,0.333333,1,0.5,0.5,Cl2
a595,0.333333,0,0.333333,0.5,0.5,1,Cl1
a596,0.333333,0,0.333333,0,0,1,Cl1
a597,0.666667,0,0.666667,1,0,1,Cl2
a598,0,1,1,0.5,0.5,1,Cl2
a599,0,0.666667,1,0.5,1,0.5,Cl1
a600,0,0,0.333333,1,1,0,Cl1
a601,0.333333,1,1,1,0,0.5,Cl2
a602,0.666667,1,0.666667,0.5,0,0,Cl1
a603,0.333333,0.333333,0.333333,0.5,1,0.5,Cl1
a604,0.333333,1,0.666667,0.5,1,0,Cl1
a605,0.333333,0,0.666667,0.5,1,0,Cl1
a606,0,1,0.333333,0,0,1,Cl1
a607,0.666667,0,0.666667,0.5,0.5,0.5,Cl1
a608,1,0.666667,0.333333,0,1,1,Cl2
a609,0.333333,0.333333,0.333333,0.5,0.5,0.5,Cl1
a610,0.333333,0.333333,0,0.5,1,1,Cl2
a611,0.333333,0,0,0,0,0.5,Cl1
a612,0.333333,0.666667,0.333333,0,0,1,Cl1
a613,0,0,0,0.5,0,1,Cl1
a614,0.333333,0,0.333333,0,1,1,Cl1
a615,1,0.666667,0,0.5,0,0.5,Cl1
a616,0.666667,0.333333,0.666667,0,1,0,Cl1
a617,0,0,0.333333,1,0.5,0,Cl1
a618,0,0.666667,0,0.5,1,0,Cl1
a619,0.333333,1,0.333333,1,0.5,1,Cl3
a620,0.666667,0,0,0,1,0,Cl1
a621,0.333333,0.333333,0,1,0.5,0.5,Cl1
a622,1,0.666667,0,1,1,0,Cl2
a623,0.333333,0.666667,0.333333,0,0,0.5,Cl1
a624,1,0,0,0.5,0,0.5,Cl1
a625,0.666667,0.666667,0.666667,0,1,0,Cl1
a626,0,0.666667,0.666667,0.5,1,0,Cl1
a627,0,0.333333,0,0.5,1,0,Cl1
a628,0.666667,0,0.333333,0.5,0,0.5,Cl1
a629,0.666667,0,0,0,1,1,Cl1
a630,0.333333,0,0,0.5,0,1,Cl1
a631,0.666667,0.666667,0.333333,0,0,0.5,Cl1
a632,0,0.666667,0.666667,0,1,1,Cl1
a633,1,1,0.666667,0.5,0.5,0,Cl1
a634,0.666667,0.666667,1,1,0.5,0,Cl1
a635,0.333333,1,1,0.5,0.5,0,Cl1
a636,0.666667,0.666667,0.333333,0.5,1,0.5,Cl1
a637,0.333333,0,0.333333,1,0.5,0.5,Cl1
a638,0,0.333333,0.666667,0.5,0,1,Cl1
a639,0.666667,0.666667,0,1,1,0.5,Cl2
a640,0.333333,0.333333,0.666667,1,0,1,Cl2
a641,0.666667,0.333333,1,1,0.5,0,Cl1
a642,0,0,0.333333,1,0.5,0,Cl1
a643,1,1,0,0,1,1,Cl2
a644,1,0,1,0,0.5,1,Cl1
a645,0,0.666667,0,0.5,1,0.5,Cl1
a646,1,1,0.333333,0,1,0,Cl1
a647,1,1,0.666667,0.5,0,0,Cl1
a648,0.666667,0.666667,0,0,0,0.5,Cl1
a649,0,1,0.333333,0,1,0,Cl1
a650,0.333333,0.666667,0.666667,0,0.5,1,Cl1
a651,0,0.333333,1,1,1,1,Cl2
a652,0,0,0.333333,1,0.5,0.5,Cl1
a653,0,0,0.666667,1,0,1,Cl1
a654,1,0,0.666667,0,0.5,0.5,Cl1
a655,0.333333,0.333333,0.333333,0.5,0,0,Cl1
a656,0.666667,0,0.333333,0.5,0.5,1,Cl2
a657,0.333333,0.666667,1,0,0.5,0,Cl1
a658,0,0.333333,0.666667,0.5,0.5,1,Cl1
a659,0,0,1,0.5,0.5,0.5,Cl1
a660,0.333333,1,0,1,1,0,Cl1
a661,0.333333,0.333333,0.666667,0.5,1,0.5,Cl1
a662,0.666667,0.666667,0,0.5,0.5,0,Cl1
a663,1,1,1,1,0,0.5,Cl2
a664,0,0,0,0,0.5,1,Cl1
a665,0.333333,0.666667,1,1,0.5,1,Cl3
a666,0.666667,0.666667,0.666667,1,1,1,Cl3
a667,0,1,0.666667,1,1,0,Cl1
a668,0,0,0.666667,0,0,1,Cl1
a669,0.333333,0.666667,1,0.5,0.5,1,Cl2
a670,0,1,0,1,1,1,Cl3
a671,1,0.333333,0.666667,0.5,1,0.5,Cl2
a672,1,0.333333,1,0.5,1,1,Cl3
a673,0,0.666667,0,0.5,0,0,Cl1
a674,0.333333,1,0.333333,1,1,0.5,Cl2
a675,1,0.666667,0.333333,0,1,1,Cl2
a676,1,0.666667,0.666667,0.5,0.5,0,Cl1
a677,0.666667,0.666667,1,0,0.5,0,Cl1
a678,0.666667,1,0.666667,1,0.5,0.5,Cl2
a679,0.333333,1,0.666667,0.5,1,1,Cl2
a680,0.666667,1,0.333333,0,1,1,Cl2
a681,0.666667,0.666667,1,0,0,1,Cl1
a682,0,0.666667,1,0,0.5,0,Cl1
a683,0,1,0,0.5,0.5,0.5,Cl1
a684,1,0,0.666667,0,1,0,Cl1
a685,0.666667,0.666667,0,1,0,1,Cl2
a686,0.333333,0,0,0.5,0.5,1,Cl1
a687,0.333333,0,0.666667,1,0,1,Cl2
a688,0,0,1,1,0,0,Cl1
a689,1,0.333333,0,0,0,0.5,Cl1
a690,1,0,0.333333,1,1,0,Cl1
a691,0.333333,0,0.666667,1,1,0,Cl1
a692,0.333333,0,0.333333,0,1,0.5,Cl1
a693,0.333333,1,0,0,0,0,Cl1
a694,1,0,0.666667,1,0.5,0,Cl1
a695,0,0,0.333333,0.5,0.5,0.5,Cl1
a696,1,1,0,1,1,1,Cl3
a697,0,0,0.333333,0,0,1,Cl1
a698,0.666667,0.666667,0.333333,1,0,1,Cl3
a699,0.666667,0.333333,1,0,1,0,Cl1
a700,1,0,1,0,0,0.5,Cl1
a701,0.666667,0.333333,1,0,1,1,Cl1
a702,0.666667,0.666667,1,0.5,1,1,Cl2
a703,0.666667,0,0.666667,0,1,1,Cl1
a704,0,0,0,1,0.5,0.5,Cl1
a705,0.666667,0.333333,0,0.5,1,0,Cl1
a706,1,0,0.666667,1,0.5,0,Cl1
a707,1,0.666667,0.333333,0,0,0.5,Cl1
a708,1,0,0.666667,0,0.5,1,Cl1
a709,0.666667,0.333333,0.333333,0,0,1,Cl1
a710,1,0.666667,0.333333,1,0.5,0.5,Cl2
a711,0,0,0,0,1,0,Cl1
a712,1,0.666667,0,0,1,0,Cl1
a713,0.666667,1,0,1,0,1,Cl3
a714,0.666667,0.666667,0.333333,0.5,0.5,0,Cl1
a715,0.333333,1,1,1,0,1,Cl3
a716,0,0,1,0.5,0,0.5,Cl1
a717,0,1,1,0,1,0.5,Cl1
a718,0.666667,1,1,1,0,1,Cl3
a719,0.666667,0,1,1,0,0.5,Cl1
a720,0.666667,0.666667,0,0,0,0,Cl1
a721,1,0.666667,1,0.5,1,0.5,Cl2
a722,0.666667,0,0,0,1,0.5,Cl1
a723,0,1,0,1,1,0,Cl1
a724,0.666667,0,0.666667,0.5,1,1,Cl2
a725,0.333333,0,0,1,1,1,Cl2
a726,0,0.666667,0,0.5,0,0.5,Cl1
a727,1,1,0.666667,0.5,0,0,Cl1
a728,0.666667,1,0.333333,1,0.5,0,Cl1
a729,0,0.333333,1,0,0,1,Cl1
a730,0.333333,0.333333,0,0,1,0.5,Cl1
a731,1,0.333333,0,1,0.5,1,Cl3
a732,1,0.666667,0.666667,0,0.5,0,Cl1
a733,1,1,1,1,1,0,Cl2
a734,0,0,1,1,1,0,Cl1
a735,0.333333,0,1,0,0,0.5,Cl1
a736,1,0,0,0,0.5,0,Cl1
a737,1,0.666667,0.333333,0.5,0.5,0,Cl1
a738,0.333333,0,0.333333,1,0,0.5,Cl1
a739,1,0.666667,0.666667,0.5,1,0.5,Cl2
a740,0.666667,0.333333,0.666667,1,0,1,Cl2
a741,0.666667,0,0.333333,1,1,1,Cl2
a742,0.333333,0.666667,0.333333,0.5,0,1,Cl2
a743,0,0,0.666667,0,0,0.5,Cl1
a744,0,0.333333,0.666667,1,0.5,1,Cl2
a745,0.333333,0,1,1,0,0,Cl1
a746,0.666667,1,0.333333,0,0,1,Cl1
a747,0.333333,0,1,0,0,0.5,Cl1
a748,0,0.333333,0,0,0.5,0,Cl1
a749,0.666667,0,0.666667,0.5,0,0,Cl1
a750,0,1,0.666667,1,0,1,Cl2
a751,0.333333,0.666667,1,0.5,0.5,0.5,Cl1
a752,0.333333,1,0,0.5,0.5,0.5,Cl1
a753,0.333333,0.666667,0.333333,1,0,0,Cl1
a754,0.666667,0.666667,0.333333,0.5,0.5,1,Cl2
a755,0.333333,0.666667,0,1,0,1,Cl2
a756,1,0,0.333333,0,1,1,Cl1
a757,1,0,0,0.5,0,0.5,Cl1
a758,0.333333,0.666667,0.666667,0,0,0.5,Cl1
a759,0.666667,1,0.333333,0.5,0.5,0.5,Cl2
a760,0.333333,0,0.333333,0,1,0,Cl1
a761,0.666667,0.666667,0.333333,0,0.5,1,Cl1
a762,0.666667,0.333333,0,0.5,0.5,0,Cl1
a763,0.333333,0,0.333333,0.5,0.5,0.5,Cl1
a764,1,0.333333,0.333333,1,0,0,Cl1
a765,0.666667,0.333333,1,1,0.5,1,Cl3
a766,0,0,0.333333,1,0,0.5,Cl1
a767,0.333333,1,0,1,1,0.5,Cl2
a768,0.666667,0,0.666667,1,0,1,Cl2
a769,1,0.666667,1,0,0,0,Cl1
a770,0.333333,0.666667,0.666667,0.5,1,0.5,Cl1
a771,0.333333,0.666667,0.666667,0,0.5,0,Cl1
a772,1,0,0.666667,0.5,1,0,Cl1
a773,1,1,1,1,0.5,1,Cl3
a774,0.666667,0.666667,0.666667,1,1,0.5,Cl2
a775,0,1,1,1,0.5,1,Cl3
a776,0,0,0.333333,0.5,1,0.5,Cl1
a777,0,0.666667,0.333333,0,1,1,Cl1
a778,1,0.666667,1,0,1,0,Cl1
a779,0.666667,1,1,0,0.5,0,Cl1
a780,0.666667,0.666667,0.666667,1,1,1,Cl3
a781,0,0,1,0,0.5,1,Cl1
a782,0,0,1,0,0.5,0.5,Cl1
a783,0.666667,0,0.333333,0,1,1,Cl1
a784,0,0.333333,1,0.5,0.5,0.5,Cl1
a785,0.333333,1,0,1,0.5,0,Cl1
a786,0.333333,0,0.666667,0,0,0,Cl1
a787,0.333333,0.333333,0.333333,0,0,0,Cl1
a788,1,0.333333,0.666667,1,0.5,1,Cl3
a789,0.666667,1,0,0,0.5,0.5,Cl1
a790,0,0.333333,1,1,0.5,0,Cl1
a791,0.333333,0.333333,1,1,0.5,0.5,Cl2
a792,0,0,1,0.5,0,0.5,Cl1
a793,0.333333,1,1,0,0,0.5,Cl1
a794,1,0,0.333333,1,0,1,Cl2
a795,0.333333,1,0,1,0,0,Cl1
a796,0.333333,0,1,0.5,0,1,Cl1
a797,1,0.666667,0.666667,0.5,0.5,1,Cl2
a798,1,1,1,0.5,0,1,Cl3
a799,0.333333,0,0.333333,0.5,0,0,Cl1
a800,1,0.666667,1,0.5,0,0,Cl1
a801,0.333333,0,1,0,0.5,0.5,Cl1
a802,0.333333,0.666667,0,0.5,1,0,Cl1
a803,0.666667,0.666667,0.333333,0.5,0,0,Cl1
a804,1,1,0,0.5,0,0,Cl1
a805,0,0.666667,0.333333,0,1,0.5,Cl1
a806,0,0.666667,0.333333,0.5,0,0,Cl1
a807,0,1,0.666667,0.5,0,0.5,Cl1
a808,0.666667,0,1,1,0.5,0,Cl1
a809,0.333333,1,1,1,1,0,Cl2
a810,0.333333,1,0,0.5,1,0,Cl1
a811,0,0.333333,0.666667,0.5,0,0.5,Cl1
a812,0.666667,0,0.333333,0,0.5,0.5,Cl1
a813,1,0.666667,0.666667,1,0.5,0,Cl2
a814,0.333333,1,0.333333,1,1,1,Cl3
a815,0.666667,0,0.666667,0,0.5,0.5,Cl1
a816,0,0.666667,1,1,0,0.5,Cl1
a817,0,0.666667,0.333333,0.5,0.5,1,Cl1
a818,0.666667,1,0.666667,0,0.5,0,Cl1
a819,1,0.666667,1,0,0,1,Cl2
a820,0,0.666667,0,1,0.5,1,Cl2
a821,0.666667,0.666667,0.333333,0.5,0,1,Cl2
a822,1,0,0.333333,0.5,1,0.5,Cl1
a823,0,1,0.666667,0,0,0,Cl1
a824,0,0.666667,1,1,1,1,Cl3
a825,0,1,0,0.5,1,1,Cl2
a826,0.666667,0.666667,0,1,0,0,Cl1
a827,0.666667,0.333333,1,0,1,1,Cl1
a828,1,0.333333,0.333333,0.5,0.5,0.5,Cl1
a829,0.666667,0,0.666667,0,0.5,1,Cl1
a830,0.333333,0.666667,1,1,0,1,Cl2
a831,0.333333,0,0.333333,0,0,0.5,Cl1
a832,0.333333,0,0.666667,1,1,0,Cl1
a833,0.333333,0.666667,0.666667,0.5,0,0.5,Cl1
a834,0,0,0,0,0,0,Cl1
a835,0.666667,0,0.333333,1,1,0,Cl1
a836,0.666667,1,0.666667,0,1,0.5,Cl1
a837,0.666667,0,0.666667,0.5,1,0.5,Cl1
a838,0.666667,0.333333,0.333333,1,0.5,0,Cl1
a839,0.333333,0.666667,1,0.5,1,0.5,Cl1
a840,1,0.333333,1,0.5,1,1,Cl3
a841,0.333333,0.666667,0.333333,0,1,1,Cl1
a842,1,0.666667,1,0.5,0.5,0.5,Cl2
a843,0.666667,0,0,1,0,0.5,Cl1
a844,1,0,0,1,1,0,Cl1
a845,0,0.333333,0.666667,0.5,1,0.5,Cl1
a846,0.333333,0.666667,0.333333,0.5,0,0,Cl1
a847,1,1,0.333333,0,0.5,0,Cl1
a848,0.666667,1,0,0.5,0.5,1,Cl2
a849,0.333333,1,1,1,1,0,Cl2
a850,0.666667,0,0.333333,0.5,0.5,1,Cl2
a851,0,0,0,0,1,0.5,Cl1
a852,0.666667,0.333333,0.333333,0,1,1,Cl1
a853,0.666667,1,1,0,1,0,Cl1
a854,0.333333,0.666667,0,0,1,0.5,Cl1
a855,0.666667,1,0.666667,1,0.5,0,Cl2
a856,0.333333,0,0.666667,1,1,0,Cl1
a857,1,0.333333,0.333333,0.5,0.5,1,Cl2
a858,1,1,0,0.5,1,1,Cl3
a859,0.333333,0.333333,0.666667,0.5,0.5,1,Cl2
a860,0,0,0.333333,0.5,0,1,Cl1
a861,0,0,0.666667,0,0,0,Cl1
a862,1,0.333333,0.333333,0.5,1,1,Cl2
a863,0.666667,0.333333,0.666667,1,0,1,Cl2
a864,0.333333,0.666667,0.333333,1,0.5,0,Cl1
a865,1,0,0.666667,0.5,0,1,Cl2
a866,0.333333,0.666667,0,1,1,0.5,Cl2
a867,0,0.666667,1,0,1,0,Cl1
a868,0.666667,0.333333,0,1,0,1,Cl2
a869,0.666667,0.333333,0.333333,1,1,1,Cl3
a870,0,0.333333,0,0,0.5,1,Cl1
a871,0,0.333333,0.333333,1,0.5,0,Cl1
a872,0.666667,0.666667,0,1,0.5,1,Cl3
a873,1,0,0,0,0.5,0.5,Cl1
a874,0.666667,0.333333,0.666667,1,0.5,1,Cl3
a875,0.666667,0,0.333333,1,1,0,Cl1
a876,0,1,0.333333,0,1,1,Cl1
a877,0.666667,0.333333,0.333333,1,1,1,Cl3
a878,0.666667,0.666667,0.333333,0.5,0,1,Cl2
a879,0,0.333333,1,0,0.5,0,Cl1
a880,0.333333,0,0.666667,0.5,0.5,0,Cl1
a881,0.333333,1,1,0,0,0.5,Cl1
a882,0.333333,0.666667,0,0,1,1,Cl1
a883,0,0,1,0,1,1,Cl1
a884,1,0,0.333333,0.5,1,1,Cl2
a885,0,0,0,0.5,0.5,0.5,Cl1
a886,0.666667,0.666667,1,0.5,0,0.5,Cl1
a887,0.333333,0.666667,0,0.5,0,0.5,Cl1
a888,0,1,1,0.5,1,0,Cl1
a889,0,0,0,1,0,0,Cl1
a890,0,1,0,0.5,0.5,1,Cl2
a891,0.333333,0.333333,1,1,1,1,Cl3
a892,1,1,0.666667,0.5,1,0,Cl1
a893,0.666667,0,0.333333,0.5,0.5,0.5,Cl1
a894,1,1,1,0,0,0.5,Cl1
a895,0,0,1,1,0,1,Cl2
a896,0.666667,0.333333,0,0.5,0.5,0.5,Cl1
a897,0,1,0.666667,0,0.5,1,Cl1
a898,1,1,0.333333,0,0.5,1,Cl2
a899,1,0.333333,1,0.5,1,0.5,Cl2
a900,0.666667,1,1,0,1,1,Cl2
a901,0.666667,1,0.666667,0,0.5,0,Cl1
a902,0,0.333333,0,0.5,1,0,Cl1
a903,0.333333,0.333333,0.666667,1,0,0.5,Cl1
a904,1,0,0.333333,0.5,0.5,0,Cl1
a905,0,0.666667,1,1,1,0.5,Cl2
a906,1,0.333333,0.666667,0,0,0.5,Cl1
a907,0.333333,0.333333,0.666667,1,1,0.5,Cl2
a908,1,1,0.333333,1,0,1,Cl3
a909,0.333333,0.333333,0.666667,0.5,1,1,Cl2
a910,0.333333,0,0.333333,1,0.5,1,Cl2
a911,1,0.333333,0.333333,1,0,0,Cl1
a912,1,1,0,0.5,1,1,Cl3
a913,0,0,0.333333,1,1,1,Cl2
a914,0.666667,0.333333,0.666667,1,1,0.5,Cl2
a915,0.666667,0.333333,0.333333,0.5,0.5,0,Cl1
a916,0.333333,0.666667,0,0,1,1,Cl1
a917,1,1,0,0,1,0.5,Cl1
a918,1,0,0.666667,0.5,0.5,0,Cl1
a919,0.666667,0,0,0.5,0,0,Cl1
a920,0,1,1,1,0.5,1,Cl3
a921,0.333333,0.666667,0.333333,0.5,0,0.5,Cl1
a922,0,0.333333,0.666667,0,1,0.5,Cl1
a923,1,0.666667,0.666667,0,0.5,1,Cl2
a924,1,1,0.333333,0,0.5,0.5,Cl1
a925,1,0,1,1,1,0,Cl1
a926,1,0.333333,1,0,0.5,1,Cl2
a927,1,0.333333,0.666667,1,0,0,Cl1
a928,0.333333,0.666667,0.666667,0.5,0.5,0,Cl1
a929,1,0.333333,0.333333,1,0.5,0.5,Cl2
a930,0.666667,0.333333,0.333333,0,0.5,0,Cl1
a931,0.333333,0.666667,0.333333,0.5,0.5,1,Cl2
a932,0,1,1,0,0,0.5,Cl1
a933,0.333333,0.333333,0.666667,0,1,1,Cl1
a934,1,0,0,0,0.5,1,Cl1
a935,0.333333,0.666667,1,0,0,1,Cl1
a936,0.666667,0.333333,0,1,0,0.5,Cl1
a937,1,0.333333,1,0,1,1,Cl2
a938,0,0.666667,1,0.5,0.5,0.5,Cl1
a939,0.333333,0.333333,0.333333,0,1,0,Cl1
a940,0,0,1,0.5,1,1,Cl1
a941,0.333333,0,0.666667,1,0.5,0.5,Cl1
a942,0.666667,0.333333,0.333333,1,0.5,1,Cl3
a943,0,0,0.333333,0,0,0.5,Cl1
a944,0.333333,0,0.333333,1,0.5,0.5,Cl1
a945,0.333333,1,0.666667,0,0.5,0,Cl1
a946,1,0,0.666667,1,0,1,Cl2
a947,0,0.333333,1,1,0,0,Cl1
a948,0,0.666667,0.333333,0.5,0.5,1,Cl1
a949,0.333333,0,1,1,0.5,0,Cl1
a950,0.666667,0.333333,0.666667,0.5,1,1,Cl2
a951,0.333333,0,0.666667,0,1,1,Cl1
a952,0,0.666667,0.333333,0,0.5,0.5,Cl1
a953,0.333333,1,0,1,1,1,Cl3
a954,1,0,1,0,0.5,1,Cl1
a955,1,0,1,0.5,0.5,0.5,Cl1
a956,0.333333,1,0.333333,0,1,0,Cl1
a957,0.666667,0,0,1,0.5,0.5,Cl1
a958,1,1,0,1,0,1,Cl3
a959,0,0,0.666667,0.5,0.5,1,Cl1
a960,0.666667,1,0,1,0.5,0.5,Cl2
a961,1,0.333333,0.333333,0.5,0.5,1,Cl2
a962,0.333333,1,0.333333,0.5,1,1,Cl2
a963,0.666667,0,0,1,0.5,0.5,Cl1
a964,0.666667,1,0,1,1,0,Cl2
a965,0.666667,0.333333,0.333333,1,0,1,Cl2
a966,1,1,0.666667,0,1,0.5,Cl1
a967,1,1,0.666667,1,0,0,Cl2
a968,1,0.666667,0,1,0.5,0.5,Cl2
a969,0,1,0.333333,0.5,1,1,Cl2
a970,0,0.666667,0.666667,1,0.5,0.5,Cl1
a971,1,1,0,0.5,0.5,0,Cl1
a972,0.333333,0.333333,0,0.5,0,0,Cl1
a973,1,0,1,1,0.5,0,Cl1
a974,0,0.666667,0.333333,0.5,0.5,0,Cl1
a975,1,1,1,0.5,0,0.5,Cl2
a976,1,1,0.666667,0.5,0,0.5,Cl2
a977,0.666667,0.666667,0.666667,0.5,0,0,Cl1
a978,0,1,0.333333,0.5,1,0,Cl1
a979,0,1,0,1,0.5,1,Cl2
a980,0,0.333333,0.666667,1,1,0.5,Cl1
a981,0,0.333333,1,0.5,1,1,Cl2
a982,0.333333,0,0,0.5,0,0.5,Cl1
a983,0.333333,0.333333,0,1,0,0.5,Cl1
a984,0.333333,0,1,1,1,0,Cl1
a985,0.666667,0.666667,0,0,0.5,0,Cl1
a986,0.333333,1,0.666667,0,0,0,Cl1
a987,0.666667,0.666667,0,1,0.5,0,Cl1
a988,0.666667,0.666667,0.666667,1,0,0.5,Cl2
a989,1,0.666667,0.666667,0,1,0.5,Cl1
a990,1,1,0.666667,1,1,1,Cl3
a991,0.333333,1,0,0,0.5,0,Cl1
a992,0.333333,1,1,0,0,0,Cl1
a993,0,1,0,0,1,0,Cl1
a994,0.333333,0.333333,1,0.5,0,0.5,Cl1
a995,0,0,0.666667,0,0,0.5,Cl1
a996,1,1,1,0.5,0,0,Cl1
a997,0,0,1,0,1,0,Cl1
a998,1,0.666667,0.333333,0.5,0,1,Cl2
a999,1,0,0.333333,0.5,1,0.5,Cl1
a1000,0,0.333333,0.666667,1,0,0,Cl1
a1001,0.666667,0.666667,0.666667,1,0.5,0.5,Cl2
a1002,1,0.333333,1,0.5,1,0.5,Cl2
a1003,0,0.666667,0.666667,0,1,1,Cl1
a1004,1,0.333333,1,0,1,0.5,Cl1
a1005,0.666667,0,0,0,0.5,0,Cl1
a1006,0.666667,1,0,1,0.5,0,Cl1
a1007,0.666667,0,0.333333,0.5,0,1,Cl1
a1008,0.666667,1,1,0.5,0.5,1,Cl3
a1009,0.333333,0.666667,1,1,0,0,Cl1
a1010,0.666667,0.666667,1,1,0,0,Cl1
a1011,0.666667,1,0.666667,1,0,1,Cl3
a1012,1,0.666667,1,1,0.5,0.5,Cl2
a1013,0,0,1,1,0,0,Cl1
a1014,0,0.666667,0.333333,1,0.5,0,Cl1
a1015,0.333333,0.666667,0.333333,1,0,1,Cl2
a1016,0.666667,0,1,0.5,0,1,Cl1
a1017,1,0.666667,1,0,0.5,1,Cl2
a1018,0,0,0,1,0.5,0,Cl1
a1019,0.666667,0,0.666667,0,0.5,0.5,Cl1
a1020,1,0,0,0.5,1,0.5,Cl1
a1021,1,0.333333,0.666667,0,0.5,0,Cl1
a1022,1,0,0.333333,0,0.5,1,Cl1
a1023,1,1,0,0.5,0,0.5,Cl2
a1024,1,1,0,1,0,1,Cl3
a1025,0,0,0,0.5,0,0.5,Cl1
a1026,0.666667,0.333333,0.333333,0,0,1,Cl1
a1027,0.666667,0,0,1,0,1,Cl2
a1028,1,1,0,1,0,0,Cl1
a1029,0.666667,1,0.333333,0.5,1,1,Cl3
a1030,0.333333,0.666667,0.333333,0,1,0,Cl1
a1031,0.333333,1,0,0.5,0,1,Cl2
a1032,0.666667,1,1,0.5,0,0.5,Cl1
a1033,0.333333,0.333333,1,1,0.5,0,Cl1
a1034,1,1,0.333333,0.5,1,0.5,Cl2
a1035,0,0,0.666667,0,1,1,Cl1
a1036,0.333333,0.666667,0.666667,0,0.5,0.5,Cl1
a1037,0.333333,0,0.333333,0.5,0.5,0,Cl1
a1038,0,0,0.666667,1,1,0,Cl1
a1039,0,0.666667,1,0.5,0,0.5,Cl1
a1040,0,0,0.666667,0.5,0,0,Cl1
a1041,0.666667,0,1,0.5,0.5,1,Cl2
a1042,0,0.666667,0.666667,1,0.5,1,Cl2
a1043,0,1,0.666667,0,0.5,1,Cl1
a1044,1,0.333333,0,0,0.5,1,Cl1
a1045,0,0.666667,0.666667,0,0,0.5,Cl1
a1046,0.333333,1,0.666667,1,1,1,Cl3
a1047,0.666667,0.333333,0.666667,0.5,0.5,0,Cl1
a1048,0.333333,1,0,1,1,0.5,Cl2
a1049,0,1,0,1,0.5,0,Cl1
a1050,0,0.333333,0.333333,0.5,1,0.5,Cl1
a1051,0.333333,0.666667,1,0.5,1,0,Cl1
a1052,0.666667,1,1,0,0.5,0,Cl1
a1053,0,0.333333,0.333333,1,0,0.5,Cl1
a1054,1,0,0.666667,0,0,0.5,Cl1
a1055,0.666667,1,0.666667,0.5,0,1,Cl2
a1056,0,1,1,0,0,0.5,Cl1
a1057,1,1,0,1,1,1,Cl3
a1058,0,0.666667,0.333333,0,1,1,Cl1
a1059,0,0.333333,0.666667,0.5,1,1,Cl1
a1060,1,0.666667,1,0,1,0,Cl1
a1061,0.666667,0.333333,0,0,0.5,0,Cl1
a1062,0,0,0.666667,1,0.5,0,Cl1
a1063,1,0,0,0.5,0,1,Cl2
a1064,0.666667,0.333333,0.666667,0.5,1,1,Cl2
a1065,0,1,0,1,1,0.5,Cl2
a1066,1,1,0,0.5,0,0.5,Cl2
a1067,0.666667,0.666667,0.333333,0.5,0.5,0.5,Cl1
a1068,1,0,0.666667,0,0.5,0,Cl1
a1069,0.666667,0,0.333333,0,1,0,Cl1
a1070,1,0.333333,0,0,0,0.5,Cl1
a1071,0.666667,0.666667,1,0,0,0.5,Cl1
a1072,1,0,0.666667,0,0,0.5,Cl1
a1073,0,0,0,1,1,0.5,Cl1
a1074,0.666667,0.333333,0,1,0,0,Cl1
a1075,0.666667,0.333333,1,0,0.5,0,Cl1
a1076,0.333333,0,1,0.5,1,0.5,Cl1
a1077,1,1,1,0,0,0.5,Cl1
a1078,0.333333,0.666667,1,0.5,0,0.5,Cl1
a1079,0.333333,1,0,1,0.5,1,Cl3
a1080,1,0.333333,1,0.5,0.5,0.5,Cl1
a1081,0,0.333333,0.333333,0.5,0,1,Cl1
a1082,0,0.333333,0.333333,1,0,0.5,Cl1
a1083,1,1,0.666667,0.5,1,0.5,Cl2
a1084,0.333333,1,0,0,0.5,0,Cl1
a1085,0,0.333333,0,0,0.5,1,Cl1
a1086,0.333333,0,0,0,0.5,0.5,Cl1
a1087,1,1,0,0.5,1,0.5,Cl2
a1088,0,1,0.666667,0.5,1,0,Cl1
a1089,0,1,0,1,1,0.5,Cl2
a1090,0.333333,0,0.666667,0.5,0.5,1,Cl1
a1091,0.666667,0.333333,0,0,0,1,Cl1
a1092,0.333333,0.333333,0.333333,1,1,0,Cl1
a1093,0,1,1,0,1,0,Cl1
a1094,0,0.666667,0.333333,1,0.5,0.5,Cl1
a1095,0,0.333333,1,0,0.5,0,Cl1
a1096,0.333333,0.333333,1,1,0,0.5,Cl1
a1097,1,1,1,0.5,0,0.5,Cl2
a1098,1,0.333333,0.666667,0.5,1,0,Cl1
a1099,0.333333,0,1,0.5,0.5,0,Cl1
a1100,1,0,0.333333,1,1,0,Cl1
a1101,0.333333,0.666667,0,0.5,0,1,Cl1
a1102,1,1,0.666667,0,1,0,Cl1
a1103,0.333333,0.666667,0.333333,0.5,1,0.5,Cl1
a1104,1,0,0.333333,1,1,0.5,Cl2
a1105,0.666667,1,0.333333,0.5,0,0.5,Cl1
a1106,0,0.333333,0.666667,0,0,1,Cl1
a1107,0.333333,0.333333,0.333333,0.5,0.5,1,Cl1
a1108,0.666667,1,0.333333,0,0,1,Cl1
a1109,0.666667,0.333333,0.666667,0.5,0,1,Cl2
a1110,1,0,1,0,0,0,Cl1
a1111,0.666667,0,0.666667,0,0.5,1,Cl1
a1112,1,0.333333,0,0.5,0.5,0,Cl1
a1113,0.666667,1,0.333333,1,0.5,0.5,Cl2
a1114,0.333333,1,0,0,0,0.5,Cl1
a1115,1,0.333333,0,0.5,0,1,Cl2
a1116,0.666667,0,0.333333,0.5,0.5,0,Cl1
a1117,0.666667,0,0.333333,0,0.5,0.5,Cl1
a1118,0.333333,0,1,0,0,0.5,Cl1
a1119,0.333333,1,0.666667,1,1,1,Cl3
a1120,0,0.333333,1,0.5,0.5,1,Cl1
a1121,0.333333,0.333333,0,0,0,0,Cl1
a1122,0.333333,0,0,0,1,0,Cl1
a1123,0,0.666667,0.333333,0,1,0,Cl1
a1124,0,0,0.333333,1,0,1,Cl1
a1125,0.333333,0.666667,1,0,0.5,1,Cl1
a1126,1,0,0.333333,0.5,0.5,1,Cl2
a1127,0,0.333333,1,0.5,0,0.5,Cl1
a1128,0.666667,0.333333,0.666667,0.5,0.5,0.5,Cl1
a1129,0,1,1,0,0.5,1,Cl1
a1130,0,0,0,1,0,0,Cl1
a1131,0.333333,0,0,0.5,0,1,Cl1
a1132,0,0.333333,0.333333,1,0.5,0,Cl1
a1133,0.333333,1,0.333333,0,0.5,0,Cl1
a1134,0,0,1,0,0,0.5,Cl1
a1135,0,1,0.333333,1,1,0,Cl1
a1136,0.666667,0,0.666667,0,0,1,Cl1
a1137,1,0.666667,0.333333,0,0,0.5,Cl1
a1138,0.333333,0.333333,0,1,1,1,Cl2
a1139,1,0.666667,0.666667,0,1,0,Cl1
a1140,0.333333,1,0,0,0.5,0,Cl1
a1141,0.666667,0.666667,0.666667,1,0.5,0,Cl1
a1142,0.333333,0.333333,0,1,0.5,0,Cl1
a1143,0.333333,0.666667,0.666667,0.5,0,0.5,Cl1
a1144,0.333333,0,0.666667,1,0,0,Cl1
a1145,1,0,0.666667,1,1,0,Cl1
a1146,1,0.666667,0.666667,0,0,0,Cl1
a1147,1,0.666667,0,1,1,1,Cl3
a1148,0,0,0.333333,0,0.5,0.5,Cl1
a1149,1,0.666667,0.333333,0,1,0.5,Cl1
a1150,0,0.666667,0,1,1,1,Cl2
a1151,0,0.666667,0.333333,0,1,0,Cl1
a1152,0.666667,0.666667,0.333333,1,0,0.5,Cl2
a1153,0,0.333333,1,0,1,0.5,Cl1
a1154,0.333333,0.666667,1,1,0.5,0.5,Cl2
a1155,0.333333,0.333333,0,0.5,0.5,0.5,Cl1
a1156,1,1,0.666667,1,0.5,0.5,Cl3
a1157,1,0.333333,0,0.5,0.5,1,Cl2
a1158,1,1,1,1,1,0.5,Cl3
a1159,1,1,0.333333,0.5,0,0,Cl1
a1160,0.666667,0,0,0.5,0,0,Cl1
a1161,0.333333,1,1,0.5,0,0.5,Cl1
a1162,0,0,0.666667,0.5,0,1,Cl1
a1163,0,0.666667,0.666667,1,0,0.5,Cl1
a1164,0,0,0.333333,0.5,0,0,Cl1
a1165,0.333333,0,0.333333,1,0.5,0.5,Cl1
a1166,0.333333,0,0.666667,1,1,0,Cl1
a1167,0.666667,0.333333,0.333333,1,0,0,Cl1
a1168,1,1,1,0.5,1,1,Cl3
a1169,1,0,0.666667,0,1,0,Cl1
a1170,1,0.333333,1,0,0.5,0.5,Cl1
a1171,0.333333,0.333333,1,0.5,0,0,Cl1
a1172,0.333333,0.666667,0.666667,0.5,0.5,0,Cl1
a1173,1,0.666667,0.333333,1,0.5,0,Cl1
a1174,1,0,1,0,0,0,Cl1
a1175,0,1,0.333333,0.5,1,0.5,Cl1
a1176,1,0,0,0,1,0.5,Cl1
a1177,1,0.666667,0.666667,0,0,1,Cl1
a1178,1,1,0,0.5,0,0,Cl1
a1179,0.666667,1,1,0.5,0.5,0,Cl1
a1180,0.333333,1,0.333333,0.5,0,1,Cl2
a1181,1,0.333333,0,1,0,0,Cl1
a1182,0.333333,0.333333,0,0,0,0.5,Cl1
a1183,0.333333,0.666667,0.666667,0,0,0.5,Cl1
a1184,0.666667,0.333333,0.333333,1,1,0,Cl1
a1185,0.333333,0,0,0.5,1,1,Cl1
a1186,0,1,0.666667,0,0,0.5,Cl1
a1187,0.333333,0.666667,1,1,1,0.5,Cl2
a1188,1,0.333333,0.333333,0.5,1,0.5,Cl2
a1189,0.333333,0.666667,0.333333,0.5,1,0,Cl1
a1190,0,1,0.666667,1,0.5,0,Cl1
a1191,0.333333,0.666667,0.666667,0,1,1,Cl1
a1192,1,0.333333,1,1,0,0,Cl1
a1193,1,0,0.666667,0,1,1,Cl1
a1194,0,0.333333,1,1,1,0,Cl1
a1195,0,0.333333,0,0,0.5,0.5,Cl1
a1196,0,1,0.333333,1,0.5,0.5,Cl2
a1197,0.333333,1,0.666667,0,0.5,0,Cl1
a1198,1,0.666667,0.666667,1,0,0.5,Cl2
a1199,0.666667,0.333333,0.666667,1,1,0.5,Cl2
a1200,1,0.666667,0.666667,1,0.5,0,Cl2
a1201,1,1,0.666667,0.5,0.5,1,Cl3
a1202,0.333333,0,1,1,0,0,Cl1
a1203,0.666667,0,0,0.5,0.5,0,Cl1
a1204,0.333333,0.333333,0.666667,1,1,0,Cl1
a1205,0.666667,0.666667,0.666667,0.5,0.5,0.5,Cl1
a1206,0.333333,0.666667,0.333333,0.5,0,0.5,Cl1
a1207,1,1,0,1,0,0.5,Cl2
a1208,0,1,0,0.5,0.5,0.5,Cl1
a1209,0,0,0,0.5,0.5,1,Cl1
a1210,1,1,1,1,0.5,0,Cl2
a1211,0,1,0.666667,0.5,1,1,Cl2
a1212,0.333333,0.666667,0.333333,0,1,0,Cl1
a1213,0,0.333333,0.666667,1,1,0,Cl1
a1214,0,0.333333,1,1,0,0,Cl1
a1215,1,0.333333,0,0,0,0.5,Cl1
a1216,0,0.666667,0,1,1,1,Cl2
a1217,0.333333,1,0,0.5,1,0,Cl1
a1218,1,0,0.666667,0,1,0,Cl1
a1219,0.666667,0.333333,1,0,0,0.5,Cl1
a1220,0,0,1,1,1,0.5,Cl1
a1221,0,0.666667,0,0,0,0.5,Cl1
a1222,0,0,0.666667,0.5,1,0,Cl1
a1223,0,0.333333,0.666667,0.5,1,1,Cl1
a1224,0.333333,0.333333,0.666667,0,1,1,Cl1
a1225,1,0.333333,0.666667,0,0.5,1,Cl1
a1226,0.333333,0.666667,0.666667,0,0.5,0,Cl1
a1227,0.333333,0.333333,1,0.5,0,1,Cl1
a1228,0.333333,0.333333,1,1,0,0.5,Cl1
a1229,0.333333,0.333333,1,0.5,0.5,0,Cl1
a1230,1,0.666667,0,0.5,0,1,Cl2
a1231,0,0.666667,0.666667,1,0,0,Cl1
a1232,0.333333,0.333333,1,0,0.5,0.5,Cl1
a1233,0.333333,0,1,0.5,0,0.5,Cl1
a1234,0,0.333333,0,0.5,0,1,Cl1
a1235,0,0.666667,0.333333,1,0,1,Cl2
a1236,0.333333,1,1,1,1,1,Cl3
a1237,1,0.333333,0,0,0.5,0.5,Cl1
a1238,0,0.333333,0,0,1,1,Cl1
a1239,0,0,0,0,0,0,Cl1
a1240,0.333333,0.333333,0.333333,0,1,1,Cl1
a1241,0.333333,0,1,0,0.5,1,Cl1
a1242,0,1,0,0.5,1,0.5,Cl1
a1243,0.333333,1,0,0,0,0.5,Cl1
a1244,0,0.666667,0.666667,0.5,0,1,Cl1
a1245,0,0.666667,0,1,0,1,Cl2
a1246,0,1,1,1,1,0.5,Cl2
a1247,0.666667,1,0,0.5,0,1,Cl2
a1248,0,0.666667,0.666667,0,1,0,Cl1
a1249,1,0.666667,0.333333,0,0.5,0,Cl1
a1250,0.333333,0.333333,1,0.5,0.5,0.5,Cl1
a1251,0.666667,0.333333,0.333333,0,0.5,0.5,Cl1
a1252,1,0,0.666667,1,0.5,1,Cl3
a1253,0,0.333333,1,0,1,0.5,Cl1
a1254,0.333333,0.333333,0,1,0.5,1,Cl2
a1255,1,0.333333,0,0.5,0,0,Cl1
a1256,0.666667,1,0.666667,0.5,1,1,Cl3
a1257,0.666667,1,0,0,0.5,0,Cl1
a1258,0.666667,0,0,1,1,1,Cl2
a1259,0.333333,0,0,0.5,0.5,0,Cl1
a1260,0,0,1,0.5,0,0.5,Cl1
a1261,1,1,0.333333,1,1,1,Cl3
a1262,0,1,0,0,0,1,Cl1
a1263,0.333333,0,0.666667,0.5,1,1,Cl2
a1264,0,0,0,1,0.5,1,Cl2
a1265,1,0,1,0.5,1,0,Cl1
a1266,0.333333,0.333333,0,0.5,1,0.5,Cl1
a1267,0.666667,0,1,0,0.5,0.5,Cl1
a1268,0,1,0.333333,0,1,0,Cl1
a1269,0,0.333333,0.666667,0,0,0.5,Cl1
a1270,0.333333,0.333333,1,0.5,1,1,Cl2
a1271,0.333333,0.333333,0,1,0.5,0,Cl1
a1272,1,0.666667,0.666667,1,1,0.5,Cl3
a1273,0.666667,0.666667,0.333333,0.5,0,1,Cl2
a1274,1,0,1,0,0,0,Cl1
a1275,0,1,1,0.5,0.5,0,Cl1
a1276,0.666667,0,0.333333,0.5,0.5,0,Cl1
a1277,0.333333,0.666667,1,0,1,0.5,Cl1
a1278,0,0.666667,0.333333,0.5,0,0.5,Cl1
a1279,0.333333,0.666667,1,0.5,0,0,Cl1
a1280,1,1,1,1,0.5,0,Cl2
a1281,0.333333,1,0.666667,0,0,0,Cl1
a1282,0,1,0,0.5,0,0,Cl1
a1283,0.333333,0.666667,0.333333,1,0,1,Cl2
a1284,1,0.666667,0.333333,0,1,0,Cl1
a1285,0.333333,0,0.333333,0,0.5,1,Cl1
a1286,0.666667,0.666667,1,1,1,1,Cl3
a1287,1,0,0.333333,0,1,0,Cl1
a1288,0.333333,1,1,0.5,0,0,Cl1
a1289,0,1,0,1,1,0,Cl1
a1290,0,0.333333,0.666667,0.5,0,0.5,Cl1
a1291,0.333333,0.333333,1,0,0,1,Cl1
a1292,0.333333,0,0.333333,0,0.5,0,Cl1
a1293,0,0,1,0.5,0,0,Cl1
a1294,0.666667,0,0.333333,0,0.5,0.5,Cl1
a1295,1,0.333333,1,0.5,0.5,0,Cl1
a1296,0.666667,0,0,0,0.5,0,Cl1
a1297,0.666667,0.666667,0.333333,0.5,1,0.5,Cl1
a1298,0,1,0,0,1,0,Cl1
a1299,0.666667,0,1,0,0.5,1,Cl1
a1300,0,1,0,1,0.5,0,Cl1
a1301,1,0,0.333333,0.5,0.5,0,Cl1
a1302,0.666667,0,1,0.5,0,0,Cl1
a1303,0,0.666667,0.333333,0,0,0.5,Cl1
a1304,0.333333,1,1,0.5,0.5,0,Cl1
a1305,0.333333,1,0,1,0.5,1,Cl3
a1306,0,1,0.666667,0,0.5,0.5,Cl1
a1307,1,0.666667,0,1,0,0,Cl1
a1308,0.666667,0.333333,0.333333,0,1,0,Cl1
a1309,0.333333,1,0,0.5,0,0.5,Cl1
a1310,0.333333,1,0,0.5,0.5,0.5,Cl1
a1311,0.666667,0.666667,0,1,0,1,Cl2
a1312,0.666667,1,0.666667,1,0.5,0,Cl2
a1313,0.666667,1,0,0,0,0,Cl1
a1314,0,0.666667,0.333333,0,0,1,Cl1
a1315,0,1,0.333333,1,0.5,1,Cl2
a1316,0.666667,1,1,0.5,0.5,1,Cl3
a1317,0.333333,0.666667,0.666667,1,0,0.5,Cl2
a1318,1,0.333333,0.333333,0,0,0.5,Cl1
a1319,0.666667,0.333333,0.333333,0,1,0.5,Cl1
a1320,0.666667,0.333333,0.666667,0,0,0,Cl1
a1321,0,0,1,0.5,0,0,Cl1
a1322,0,0.333333,1,0.5,1,0,Cl1
a1323,0,0.666667,0.333333,1,0,0.5,Cl1
a1324,0.333333,0.666667,0.333333,0.5,0.5,0.5,Cl1
a1325,0,0,1,0,0.5,1,Cl1
a1326,0.333333,1,0,0,0.5,0,Cl1
a1327,0.333333,0.666667,0.666667,1,1,0.5,Cl2
a1328,0.333333,0.333333,1,1,0.5,1,Cl2
a1329,0,0.333333,0.666667,1,1,1,Cl2
a1330,0.666667,1,0.666667,0.5,0,0,Cl1
a1331,1,0.666667,0.666667,0,0.5,0,Cl1
a1332,0.666667,0.333333,0,0,0,1,Cl1
a1333,0.666667,0,0.666667,0,0,0,Cl1
a1334,0,0.333333,1,0.5,1,1,Cl2
a1335,0,1,1,0,1,1,Cl1
a1336,0,0.333333,1,0.5,0,0.5,Cl1
a1337,1,0.333333,0.666667,0.5,0.5,0,Cl1
a1338,0.666667,1,0,0.5,1,0,Cl1
a1339,0.333333,0.333333,1,1,1,0,Cl1
a1340,0.666667,0,1,1,0,0,Cl1
a1341,0.333333,0,0.666667,1,0.5,1,Cl2
a1342,0.666667,0,1,0,1,0,Cl1
a1343,0,0,0.666667,0.5,1,0,Cl1
a1344,0.333333,0,0.333333,0.5,1,1,Cl1
a1345,1,0.333333,1,1,0,0,Cl1
a1346,0,0,1,0,0,1,Cl1
a1347,0,0,0,1,1,0,Cl1
a1348,1,0,0.333333,1,1,1,Cl3
a1349,0.666667,0.333333,0.333333,1,1,0.5,Cl2
a1350,0.333333,0.333333,0.666667,0,0,0.5,Cl1
a1351,0,0.333333,0.666667,0.5,1,1,Cl1
a1352,0,1,0.333333,1,1,0.5,Cl2
a1353,0,0,0,1,0,0.5,Cl1
a1354,1,0.333333,1,0,0.5,1,Cl2
a1355,1,0,0.333333,0,0,0,Cl1
a1356,0,0,1,1,0.5,0,Cl1
a1357,0.666667,0.666667,0,0,1,0.5,Cl1
a1358,1,0.333333,0.333333,0.5,0,0.5,Cl1
a1359,0.666667,0.666667,0,0.5,1,0.5,Cl1
a1360,1,1,0.333333,0.5,0,0,Cl1
a1361,0.333333,0,0.333333,0,0.5,0,Cl1
a1362,0,0,1,0,0,0,Cl1
a1363,0.333333,1,1,1,0.5,1,Cl3
a1364,0.333333,0,0.333333,0.5,1,0.5,Cl1
a1365,0.666667,0.666667,0.666667,1,0,0,Cl1
a1366,0,0.666667,0.666667,1,1,1,Cl2
a1367,0.666667,0.333333,0,0,0.5,1,Cl1
a1368,1,1,0.666667,1,0,0,Cl2
a1369,0.333333,1,0.333333,1,1,1,Cl3
a1370,0.333333,0.666667,1,0.5,0.5,0.5,Cl1
a1371,0.333333,0.666667,0,1,0,0.5,Cl1
a1372,0,0.333333,0.666667,0.5,0.5,0,Cl1
a1373,0.666667,0.333333,0,0,1,1,Cl1
a1374,0,0.666667,0.666667,0.5,0.5,0.5,Cl1
a1375,0.666667,0.333333,0.333333,0,1,1,Cl1
a1376,0.333333,0,0,1,0.5,1,Cl2
a1377,0.666667,0,0.333333,0.5,0.5,0,Cl1
a1378,0.333333,0,0.666667,0,0,1,Cl1
a1379,0.333333,0.666667,0.666667,1,0.5,0.5,Cl2
a1380,1,1,0.333333,1,0.5,1,Cl3
a1381,0.333333,0.333333,1,0,1,0,Cl1
a1382,0.666667,1,1,0,1,1,Cl2
a1383,0,0,0.333333,1,0,0,Cl1
a1384,0,0.333333,0,0.5,0,0,Cl1
a1385,0.666667,0,1,0.5,0,0.5,Cl1
a1386,0.666667,0.666667,1,0.5,1,0.5,Cl2
a1387,1,1,0.333333,1,0,1,Cl3
a1388,0.333333,0.333333,0.333333,0,1,0,Cl1
a1389,1,0,1,1,0,1,Cl2
a1390,0.333333,1,1,0,0.5,0,Cl1
a1391,0.666667,0.333333,1,0,1,1,Cl1
a1392,0.333333,0.666667,0.333333,0,0,0,Cl1
a1393,0,0,0.666667,0.5,0,0.5,Cl1
a1394,0.666667,0.333333,0.666667,0.5,0.5,0.5,Cl1
a1395,0,1,1,0.5,1,1,Cl2
a1396,1,0.666667,0.666667,1,0,1,Cl3
a1397,0,0,1,0.5,0.5,0,Cl1
a1398,0.333333,0,1,0,0,0,Cl1
a1399,0.666667,0,0.666667,1,0.5,0,Cl1
a1400,0,0.666667,1,0.5,0.5,0.5,Cl1
a1401,0,0,1,0,0.5,0.5,Cl1
a1402,0.333333,0,0.666667,0,0.5,1,Cl1
a1403,0,1,0.333333,0,0.5,1,Cl1
a1404,0,0.666667,0.666667,0.5,0,0.5,Cl1
a1405,0.666667,0.666667,0,0,0.5,0,Cl1
a1406,0,0.333333,0,0.5,0,0.5,Cl1
a1407,1,0.666667,0.333333,0.5,0.5,1,Cl2
a1408,0,0,0,1,1,0.5,Cl1
a1409,0.666667,1,1,0,0.5,0.5,Cl1
a1410,0,1,1,0.5,1,0,Cl1
a1411,1,1,0.666667,0.5,1,0,Cl1
a1412,0.666667,1,0,1,0.5,1,Cl3
a1413,1,0.333333,0.666667,0,0,0,Cl1
a1414,0.333333,0.666667,0.666667,1,0.5,1,Cl3
a1415,0.666667,1,0.666667,1,0.5,0.5,Cl2
a1416,0.666667,0,0,1,1,0.5,Cl2
a1417,0,0,0,0.5,1,1,Cl1
a1418,0.333333,0,0.333333,0,0,0,Cl1
a1419,0,1,0,0,0,1,Cl1
a1420,0.666667,0.333333,0.666667,0,1,1,Cl1
a1421,1,1,1,0,0,0,Cl1
a1422,0.333333,0,0.333333,0,0.5,0.5,Cl1
a1423,0.333333,1,0.666667,1,0.5,0,Cl1
a1424,0.666667,1,0.333333,0,0.5,1,Cl2
a1425,1,0.666667,0.666667,0,1,0.5,Cl1
a1426,1,0.333333,1,0.5,1,1,Cl3
a1427,0,0.333333,1,0.5,0.5,0.5,Cl1
a1428,1,0,0.666667,1,0.5,0.5,Cl2
a1429,0.666667,0.666667,0.666667,0,0,0.5,Cl1
a1430,0.333333,0.666667,0.666667,1,0,1,Cl2
a1431,1,1,0.333333,1,1,0,Cl2
a1432,0,0.333333,0.666667,0.5,0,0.5,Cl1
a1433,0.666667,0.666667,0.666667,1,1,1,Cl3
a1434,0.333333,0.666667,1,0,0,0,Cl1
a1435,1,1,0.333333,1,0.5,0,Cl2
a1436,0.666667,0.333333,0.666667,0,0.5,1,Cl1
a1437,0,1,0.666667,1,1,0,Cl1
a1438,0.333333,0.333333,0.666667,1,1,1,Cl3
a1439,0.333333,0.666667,0,0,0,1,Cl1
a1440,1,0.333333,0,1,1,1,Cl3
a1441,0.666667,0.666667,0.333333,1,1,0,Cl1
a1442,0,0.333333,1,0.5,1,0,Cl1
a1443,0.666667,1,0.333333,0,0,0,Cl1
a1444,0,0.333333,0,1,0.5,0.5,Cl1
a1445,1,0.666667,0,1,1,0.5,Cl2
a1446,0,0.666667,1,1,0.5,1,Cl2
a1447,0,1,0,1,1,1,Cl3
a1448,0,0.666667,0.333333,0.5,1,0,Cl1
a1449,0.333333,0.666667,1,0.5,0,1,Cl2
a1450,0.333333,0,0,0,1,0,Cl1
a1451,1,0.333333,0.666667,0,0.5,0,Cl1
a1452,0.333333,0.333333,1,0,0.5,1,Cl1
a1453,0.666667,0,0.666667,0.5,0.5,0.5,Cl1
a1454,0,0,0,0,1,0.5,Cl1
a1455,0,1,0.666667,0,0.5,0.5,Cl1
a1456,0.333333,0,0.666667,0.5,0.5,1,Cl1
a1457,0.666667,0,0,0.5,1,0,Cl1
a1458,0,1,1,1,0,1,Cl2
a1459,0,0.333333,0.666667,1,0.5,1,Cl2
a1460,0.333333,1,0.666667,0,0.5,0.5,Cl1
a1461,0,1,0.666667,0.5,1,0,Cl1
a1462,0.333333,0,0,0,0,1,Cl1
a1463,0.666667,0.333333,1,1,0.5,0.5,Cl2
a1464,0,0.333333,1,0.5,0,0,Cl1
a1465,0.666667,0.333333,1,0.5,0.5,0,Cl1
a1466,0,0.666667,0,1,0.5,0,Cl1
a1467,0.666667,0.666667,1,0,0,0.5,Cl1
a1468,0.333333,1,1,1,0.5,0,Cl1
a1469,1,0,0,0.5,0.5,1,Cl2
a1470,0.666667,0,0.666667,0,1,0,Cl1
a1471,0.333333,1,0.333333,0,0.5,1,Cl1
a1472,1,0,0.666667,0.5,1,1,Cl2
a1473,0,0.666667,0,0.5,0.5,1,Cl1
a1474,0.333333,0.333333,0.333333,1,1,1,Cl2
a1475,0.666667,0.333333,0.666667,0,0,0.5,Cl1
a1476,0,0.333333,0,1,1,0,Cl1
a1477,0,0.333333,0.333333,0.5,0.5,1,Cl1
a1478,0.333333,0.666667,1,1,1,1,Cl3
a1479,0.666667,0.666667,0,1,0.5,0.5,Cl2
a1480,1,0.666667,1,1,1,0,Cl2
a1481,0.333333,0,0.333333,0.5,0.5,1,Cl1
a1482,0.333333,0.666667,0.666667,1,0.5,0,Cl1
a1483,0,0.666667,0,1,0.5,1,Cl2
a1484,0.666667,1,0.333333,1,0,0.5,Cl2
a1485,0,0,0.333333,1,1,1,Cl2
a1486,1,0,1,0,0.5,0.5,Cl1
a1487,0.333333,0.666667,0,1,1,0.5,Cl2
a1488,0.333333,1,1,0,1,0,Cl1
a1489,0,0.333333,0.333333,1,1,0,Cl1
a1490,0.333333,1,0,0,0.5,0.5,Cl1
a1491,0.666667,1,0,0,0,0,Cl1
a1492,0.333333,0.666667,0.666667,0.5,0,0,Cl1
a1493,1,0.333333,0.666667,0,0.5,1,Cl1
a1494,1,0.666667,0,1,0,0,Cl1
a1495,1,0,0.666667,1,1,1,Cl3
a1496,0.666667,0.666667,1,0,0,1,Cl1
a1497,0.666667,0.666667,0.666667,0.5,1,0,Cl1
a1498,0.333333,1,0.333333,0,0,0,Cl1
a1499,0.666667,1,0,0.5,0,1,Cl2
a1500,0.333333,1,0.333333,0.5,0.5,0.5,Cl1
a1501,0,0.333333,0.666667,0,1,1,Cl1
a1502,1,0.333333,0,1,0.5,0,Cl1
a1503,0,0,0.333333,0.5,0.5,1,Cl1
a1504,0.333333,0.666667,1,0,0.5,1,Cl1
a1505,0.666667,0,0.333333,1,1,1,Cl2
a1506,0,0.333333,0.333333,0,0.5,1,Cl1
a1507,0.333333,0.333333,0.333333,0,1,0,Cl1
a1508,0.333333,1,0.333333,0,0.5,1,Cl1
a1509,1,0,0.666667,0.5,0,1,Cl2
a1510,0,1,0.333333,0.5,1,1,Cl2
a1511,0.666667,0,0,0,1,0,Cl1
a1512,0,0.333333,0,0,1,1,Cl1
a1513,0,1,0.333333,0.5,1,0,Cl1
a1514,0.666667,0.666667,1,1,0,1,Cl3
a1515,0.666667,1,0.666667,0.5,1,1,Cl3
a1516,0.333333,0.666667,0,1,1,0,Cl1
a1517,0,1,1,1,0,0,Cl1
a1518,0,0.666667,0,1,0,0,Cl1
a1519,0.333333,0.333333,1,0.5,0.5,0.5,Cl1
a1520,0,0,0.666667,0.5,0,1,Cl1
a1521,0.333333,0.666667,0,0,1,0.5,Cl1
a1522,0,1,0.666667,0.5,1,0,Cl1
a1523,0.666667,0.666667,1,0.5,0.5,0.5,Cl1
a1524,0.333333,0,0,0.5,0,0,Cl1
a1525,1,0,0.666667,0,1,1,Cl1
a1526,1,1,0,1,0.5,0.5,Cl3
a1527,0,1,0.333333,0.5,0,1,Cl1
a1528,1,0.666667,1,0,0,1,Cl2
a1529,0.333333,0.333333,1,1,0.5,0,Cl1
a1530,1,0.333333,1,0,0.5,1,Cl2
a1531,0,0,1,0,0,0.5,Cl1
a1532,0.666667,1,0.333333,1,0,0,Cl1
a1533,0,0,0,0.5,0,0,Cl1
a1534,0,0.666667,0.666667,0.5,0,0,Cl1
a1535,1,0,0,0,0,0,Cl1
a1536,0.666667,0.333333,1,0.5,0,1,Cl2
a1537,1,0,0,1,0.5,1,Cl2
a1538,0.666667,1,0,1,0,0.5,Cl2
a1539,0.333333,1,1,0.5,0,0.5,Cl1
a1540,0.333333,1,0.333333,1,1,0,Cl1
a1541,0.666667,1,1,1,0,1,Cl3
a1542,0,1,1,0,0,0,Cl1
a1543,0,0.666667,1,1,0,0.5,Cl1
a1544,0.333333,0,1,0,1,0,Cl1
a1545,0.333333,1,1,1,0.5,1,Cl3
a1546,0.666667,0.666667,0.666667,1,0,0,Cl1
a1547,0,1,0.333333,1,1,0,Cl1
a1548,0.333333,0.666667,0,0.5,0.5,0.5,Cl1
a1549,0.666667,0.333333,0.666667,1,0,0,Cl1
a1550,0.666667,0.333333,0.333333,0,0,0.5,Cl1
a1551,0.666667,0.333333,1,0.5,0.5,1,Cl2
a1552,0.333333,0.666667,1,1,1,1,Cl3
a1553,0.333333,0.333333,0,0,0.5,0,Cl1
a1554,0,1,0.666667,0.5,0,0,Cl1
a1555,0.333333,1,0,1,0,1,Cl2
a1556,0.666667,0.333333,0.666667,0,0.5,0.5,Cl1
a1557,0.333333,1,1,1,0,1,Cl3
a1558,0.333333,1,0.333333,1,1,0.5,Cl2
a1559,0.333333,0.666667,0.333333,0,0.5,1,Cl1
a1560,1,1,0.666667,0,0,0.5,Cl1
a1561,0.333333,0.333333,0,0.5,0.5,0,Cl1
a1562,0.666667,0.666667,0,0,1,1,Cl2
a1563,0.666667,0.333333,1,0.5,1,0,Cl1
a1564,0.666667,0.333333,0,0,1,1,Cl1
a1565,0.666667,1,1,0,0,1,Cl2
a1566,0,0,0.666667,0.5,0.5,0,Cl1
a1567,0.666667,0.666667,1,0.5,0,0,Cl1
a1568,0.666667,0,0.666667,1,0,0,Cl1
a1569,0,1,0.333333,0.5,0.5,0,Cl1
a1570,0,0.333333,0,0.5,0,1,Cl1
a1571,0.666667,1,0.333333,0,1,0.5,Cl1
a1572,1,0.333333,0,1,0,0.5,Cl2
a1573,0.333333,0,0,0.5,0.5,0.5,Cl1
a1574,0.666667,0,1,1,1,0,Cl1
a1575,1,0,1,0.5,0.5,0,Cl1
a1576,0,0,0,0,0.5,0,Cl1
a1577,0.666667,0.333333,0.333333,1,0.5,0,Cl1
a1578,1,1,0.333333,0,0,0,Cl1
a1579,0,0.333333,1,0,0.5,0,Cl1
a1580,0,0,0.333333,1,0,0.5,Cl1
a1581,0.666667,0.333333,0.666667,1,1,1,Cl3
a1582,0.666667,1,0.666667,0,0.5,0.5,Cl1
a1583,0,0.666667,0,1,0,1,Cl2
a1584,0.666667,1,1,1,0.5,1,Cl3
a1585,0,0,0.333333,0,1,1,Cl1
a1586,0.666667,0,1,0.5,1,1,Cl2
a1587,1,0.666667,0,1,0,1,Cl3
a1588,1,0.666667,0,1,0.5,0.5,Cl2
a1589,0,0,0.333333,0.5,0,0,Cl1
a1590,0.666667,1,0,0.5,1,1,Cl3
a1591,1,1,0.333333,0,0.5,0,Cl1
a1592,1,0,0,0,0.5,0.5,Cl1
a1593,0.333333,0,0.333333,1,1,0.5,Cl1
a1594,1,0,0.333333,0,0.5,0.5,Cl1
a1595,0.666667,0.666667,0.666667,0.5,0,0.5,Cl1
a1596,0,0,1,0,1,0,Cl1
a1597,0,1,0.666667,0,0.5,0,Cl1
a1598,0,0,0.666667,0.5,1,1,Cl1
a1599,0.333333,1,0,0.5,1,0,Cl1
a1600,0.666667,0.333333,0.666667,0.5,0,0,Cl1
a1601,0.666667,0,0.666667,0.5,1,1,Cl2
a1602,0,0.333333,1,1,0.5,1,Cl2
a1603,1,0,0.666667,0,0,0.5,Cl1
a1604,0,0.333333,0.333333,0.5,1,0,Cl1
a1605,1,1,1,0.5,0.5,1,Cl3
a1606,0,1,0,1,1,0,Cl1
a1607,1,0.666667,0.666667,1,0,1,Cl3
a1608,0.333333,1,1,0.5,0,0.5,Cl1
a1609,0.666667,1,0,1,0,0.5,Cl2
a1610,0,0.666667,0.666667,0.5,1,0.5,Cl1
a1611,0.333333,0,0.333333,1,1,0.5,Cl1
a1612,0.333333,1,0,1,1,0,Cl1
a1613,0.333333,0,0,0.5,0.5,0.5,Cl1
a1614,0.333333,0.666667,0,1,0,0.5,Cl1
a1615,0,0,1,1,1,0.5,Cl1
a1616,0.666667,0,0.333333,0.5,0,0,Cl1
a1617,1,0.333333,0.333333,1,0,0.5,Cl2
a1618,1,0.666667,0,0.5,0.5,0.5,Cl2
a1619,0.333333,1,0.666667,0.5,0,0.5,Cl1
a1620,0.666667,0.333333,0,0,0.5,0,Cl1
a1621,0.666667,0,0,1,0,0.5,Cl1
a1622,0,0.666667,0.333333,1,1,0.5,Cl2
a1623,0.666667,1,0.333333,0,1,0,Cl1
a1624,0,0,0.666667,0,0,0.5,Cl1
a1625,0,1,0.666667,1,0,1,Cl2
a1626,0.666667,0.666667,0,0.5,0.5,0,Cl1
a1627,0.333333,1,0.333333,0,1,1,Cl2
a1628,0.333333,0,0,0,0,0.5,Cl1
a1629,0,0.666667,0.333333,0,1,0,Cl1
a1630,0,0.333333,1,0,1,1,Cl1
a1631,0.333333,0,1,0,0.5,0.5,Cl1
a1632,0.666667,0.333333,0.333333,0,0,0.5,Cl1
a1633,0.333333,0.333333,0,0.5,1,0,Cl1
a1634,0.666667,0.333333,0.333333,0,1,0,Cl1
a1635,0.333333,1,1,0,0,0.5,Cl1
a1636,0.666667,0,0.666667,0.5,1,1,Cl2
a1637,0,0,0.666667,1,0,0.5,Cl1
a1638,0.666667,0,0.666667,0.5,1,0.5,Cl1
a1639,0.666667,0,1,0.5,0,1,Cl1
a1640,1,0.333333,1,0.5,0.5,0.5,Cl1
a1641,0.666667,1,0.333333,0.5,0.5,1,Cl2
a1642,1,0.666667,1,0.5,0,0,Cl1
a1643,0.666667,1,0.666667,0,0,1,Cl1
a1644,0.666667,1,1,1,1,0.5,Cl3
a1645,0.333333,1,0.333333,0.5,0,1,Cl2
a1646,0.333333,0.666667,0.333333,0,0,0.5,Cl1
a1647,0.666667,0,0,0,0,0,Cl1
a1648,1,0.333333,0.666667,0,1,0,Cl1
a1649,0.333333,0.333333,1,1,0,0.5,Cl1
a1650,0.333333,0,0.333333,1,0,0.5,Cl1
a1651,0,0.333333,0.666667,0.5,0.5,0,Cl1
a1652,0.333333,0,0,0.5,1,1,Cl1
a1653,0.333333,0.666667,1,0,0.5,0.5,Cl1
a1654,1,0,0,0,0.5,1,Cl1
a1655,1,0,1,1,0,0,Cl1
a1656,1,1,0,0.5,0,0.5,Cl2
a1657,0.666667,0.333333,0.333333,0.5,0,1,Cl2
a1658,0.666667,0.333333,0,0,0.5,1,Cl1
a1659,1,0,0.666667,1,0.5,1,Cl3
a1660,0.333333,0,0.666667,0,0,0.5,Cl1
a1661,1,0.666667,0.666667,1,0.5,1,Cl3
a1662,0.333333,0,0.333333,1,1,0.5,Cl1
a1663,1,0.666667,0.333333,1,0,0,Cl1
a1664,1,0,1,0.5,0,0.5,Cl1
a1665,1,0.333333,1,0,0.5,0.5,Cl1
a1666,1,1,1,1,0.5,1,Cl3
a1667,1,0.666667,0.333333,0.5,1,0,Cl1
a1668,0,0,0,0,0,0.5,Cl1
a1669,0.666667,0,0.333333,1,1,0,Cl1
a1670,0.666667,0.333333,0,0,1,0.5,Cl1
a1671,0,1,1,0,0,0,Cl1
a1672,0,1,0.666667,0,0,0.5,Cl1
a1673,0,0.333333,0.666667,0.5,0,1,Cl1
a1674,0.666667,1,0,0,1,0.5,Cl1
a1675,0.333333,1,0,0,0,0.5,Cl1
a1676,0.333333,1,0,0.5,0,0,Cl1
a1677,0.333333,0.666667,0.666667,0.5,0.5,1,Cl2
a1678,1,0,0.666667,0.5,0.5,0,Cl1
a1679,0,0.666667,0.333333,0.5,0,1,Cl1
a1680,0.333333,0,0.333333,1,0.5,1,Cl2
a1681,1,0.333333,1,0.5,1,0.5,Cl2
a1682,1,1,0.333333,0.5,0.5,0.5,Cl2
a1683,1,1,0,1,0.5,1,Cl3
a1684,0.333333,0.333333,0.666667,0,0,1,Cl1
a1685,0,0,0,0,1,1,Cl1
a1686,0,0,1,0.5,0.5,0.5,Cl1
a1687,0.666667,0.333333,1,1,0.5,1,Cl3
a1688,0.333333,0.666667,0.333333,1,1,0.5,Cl2
a1689,0.666667,0,0,1,1,0,Cl1
a1690,0.333333,0,0.666667,0,1,1,Cl1
a1691,1,1,0.666667,0,1,0,Cl1
a1692,1,0,0,0,1,0.5,Cl1
a1693,0.666667,0,0.333333,1,1,0,Cl1
a1694,0,0.666667,0.666667,1,0,0.5,Cl1
a1695,1,0.333333,1,0.5,1,0,Cl1
a1696,0,0.333333,0.333333,0,0.5,1,Cl1
a1697,0,0,0.666667,1,1,1,Cl2
a1698,0,0.333333,1,1,0.5,0.5,Cl1
a1699,0,0,0,0,1,0.5,Cl1
a1700,1,1,1,1,0.5,0,Cl2
a1701,0,0.666667,0.333333,0,0,1,Cl1
a1702,0,1,0.333333,1,0.5,0.5,Cl2
a1703,0,0,1,1,0.5,0,Cl1
a1704,0,0.333333,0,1,1,0,Cl1
a1705,1,0.666667,0.333333,0,1,0.5,Cl1
a1706,0,0.666667,0,0,1,0,Cl1
a1707,0.666667,0.666667,0.666667,0.5,0.5,1,Cl2
a1708,0.333333,0.333333,0,0,1,0.5,Cl1
a1709,0.333333,0.666667,0,0.5,0,0.5,Cl1
a1710,1,0.333333,0,0,1,1,Cl2
a1711,0.666667,0,1,1,0,0.5,Cl1
a1712,0,0.666667,0.333333,0.5,0,0.5,Cl1
a1713,0.666667,1,0,1,0,0.5,Cl2
a1714,0,0.333333,0.333333,0.5,1,0.5,Cl1
a1715,1,0,0,0.5,0,1,Cl2
a1716,0.333333,0.666667,0.333333,1,0.5,1,Cl2
a1717,0.333333,1,1,1,0.5,0.5,Cl2
a1718,0.666667,0.666667,1,0,0,0.5,Cl1
a1719,0.666667,0.666667,0.666667,0.5,0,1,Cl2
a1720,0.333333,0,0,0.5,0.5,0.5,Cl1
a1721,0.333333,1,0.333333,0.5,0,0.5,Cl1
a1722,0.666667,0.333333,0.333333,1,0,1,Cl2
a1723,0.333333,0.666667,0.666667,0,0.5,0.5,Cl1
a1724,0.333333,0.333333,1,1,0.5,0,Cl1
a1725,0,0.333333,0.333333,0.5,0,0,Cl1
a1726,0.666667,0.333333,0.666667,1,1,0,Cl1
a1727,0.666667,1,0.333333,1,0,0.5,Cl2
a1728,1,0,0,0,0.5,0.5,Cl1
