Alternative,g1,g2,g3,g4,Class
a1,0.5,0.071429,0,0.285714,Cl1
a2,0.357143,0.214286,0.923077,0.642857,Cl1
a3,0.928571,0.714286,0.076923,0.785714,Cl3
a4,0.714286,1,0.769231,0.071429,Cl3
a5,1,0.214286,0.769231,0.714286,Cl2
a6,0.714286,0.928571,0.461538,0.714286,Cl3
a7,0.785714,0.214286,0.230769,0.5,Cl1
a8,0.785714,0.857143,0.153846,1,Cl3
a9,0.071429,0.785714,0.384615,1,Cl2
a10,1,0.142857,0.692308,0.5,Cl2
a11,0.571429,0.714286,0.307692,0.071429,Cl2
a12,0.785714,0.214286,0.384615,0.928571,Cl2
a13,0.928571,0.571429,1,0.428571,Cl3
a14,0,0.642857,0.769231,0.928571,Cl2
a15,0.714286,0.642857,0.538462,0.785714,Cl3
a16,0.5,0.285714,0.615385,0.5,Cl1
a17,0.642857,0.142857,0.384615,0.785714,Cl1
a18,0.142857,0.214286,0.692308,0.142857,Cl1
a19,0,0.142857,0.692308,0.642857,Cl1
a20,0.928571,0.571429,0.769231,0,Cl3
a21,0.071429,1,0.153846,0.142857,Cl2
a22,0.714286,0.5,0.076923,0.642857,Cl2
a23,0.071429,0.714286,0.230769,0.428571,Cl1
a24,0.785714,0.571429,0.538462,0.642857,Cl3
a25,0.071429,0.857143,0.307692,0.142857,Cl2
a26,0.357143,0.285714,0.076923,0,Cl1
a27,0,0.857143,0.615385,0.428571,Cl2
a28,0.785714,0.714286,0.384615,0.571429,Cl3
a29,1,0.785714,0.307692,0.142857,Cl3
a30,0.571429,0.857143,0.384615,0.357143,Cl3
a31,0.857143,1,0.384615,0.357143,Cl3
a32,0.642857,0.642857,0.692308,0.5,Cl3
a33,0.571429,0.428571,0.615385,0.142857,Cl2
a34,0.857143,0.142857,0.384615,0.928571,Cl2
a35,0.928571,0.285714,0.461538,0.142857,Cl2
a36,0.642857,0.857143,0.461538,0.428571,Cl3
a37,0.071429,0.071429,0.384615,0.071429,Cl1
a38,0.357143,0.214286,0.230769,0.142857,Cl1
a39,0.214286,0.928571,0.153846,0.928571,Cl2
a40,0.5,0.357143,0.461538,0.285714,Cl1
a41,0,0.857143,0.923077,0.785714,Cl2
a42,0.642857,0.285714,1,0.428571,Cl2
a43,1,0.5,0.538462,0.642857,Cl3
a44,0.785714,0.571429,0.538462,0.714286,Cl3
a45,0.357143,0.928571,1,0.357143,Cl3
a46,0.357143,0.357143,0.153846,0,Cl1
a47,0,0.642857,0.153846,0.071429,Cl1
a48,0.357143,0,0.461538,0.5,Cl1
a49,0.071429,0.5,0.615385,0.142857,Cl1
a50,0.571429,0.928571,0.769231,0.285714,Cl3
a51,0.214286,0.785714,0.615385,0.071429,Cl2
a52,0.357143,0,0.923077,0.571429,Cl1
a53,0.642857,0.357143,0.307692,1,Cl2
a54,0.571429,0.214286,0.384615,0.785714,Cl1
a55,0.928571,0.357143,0.692308,0.428571,Cl2
a56,0.785714,0.928571,0.769231,1,Cl3
a57,0.785714,0.214286,0.923077,0.285714,Cl2
a58,0.714286,0.357143,0.769231,0.285714,Cl2
a59,0.714286,0.714286,0.615385,0.5,Cl3
a60,0,0.214286,0.538462,0.642857,Cl1
a61,0.071429,0.857143,0,0.785714,Cl2
a62,0.071429,0.642857,0.769231,0.714286,Cl2
a63,0.714286,0,0.153846,0.642857,Cl1
a64,0,0.5,1,0.928571,Cl2
a65,0.857143,0.785714,0.384615,0.428571,Cl3
a66,0.071429,0.071429,0.461538,0.285714,Cl1
a67,0.928571,0,1,0,Cl1
a68,0.857143,0.142857,0.769231,0.285714,Cl2
a69,0.928571,1,0.692308,0.285714,Cl3
a70,0,0.857143,0.538462,0.714286,Cl2
a71,0.785714,0.857143,0.615385,0.428571,Cl3
a72,0.5,0.142857,0.461538,0.857143,Cl1
a73,0.214286,0.5,0.153846,0.357143,Cl1
a74,0.5,0.5,0.769231,0.357143,Cl2
a75,0.214286,0,0.384615,0.785714,Cl1
a76,0.071429,0.071429,0.307692,0,Cl1
a77,0.857143,0.928571,0.692308,0.142857,Cl3
a78,0.071429,0.214286,0.615385,0.142857,Cl1
a79,0.357143,0.071429,0.538462,0,Cl1
a80,0.928571,0.214286,0.461538,0.928571,Cl2
a81,0.071429,0.857143,0.615385,0.857143,Cl2
a82,0.142857,0.5,0.153846,0,Cl1
a83,0,0.642857,0.461538,1,Cl1
a84,0.5,0.571429,0.076923,0.142857,Cl1
a85,0.071429,0.571429,1,0.428571,Cl2
a86,0.214286,0.5,0.769231,0.928571,Cl2
a87,0.785714,0.714286,0,0.428571,Cl2
a88,0.714286,0.928571,1,0.857143,Cl3
a89,0.357143,0.642857,0.076923,0.785714,Cl2
a90,0.214286,0,0.923077,0.428571,Cl1
a91,1,0.357143,0.384615,0.5,Cl2
a92,0.5,0.5,0.692308,0.785714,Cl2
a93,0.928571,0.5,0.384615,0.857143,Cl3
a94,1,0.714286,0.384615,0.714286,Cl3
a95,0.857143,0.857143,0.538462,0.785714,Cl3
a96,0.928571,0,0,0.357143,Cl1
a97,0.357143,0.214286,0.923077,0.928571,Cl1
a98,0.071429,0.214286,0.461538,0.785714,Cl1
a99,0.142857,0.857143,0.923077,0.714286,Cl2
a100,0.5,0.5,0.461538,0.5,Cl2
a101,0.714286,1,0.692308,0.928571,Cl3
a102,1,0.142857,0.384615,0.285714,Cl1
a103,0.571429,0.428571,0.076923,0.142857,Cl1
a104,0,0.214286,0,0.785714,Cl1
a105,0.642857,0.785714,0.461538,1,Cl3
a106,0.571429,0.071429,0.615385,0.285714,Cl1
a107,0.714286,0.214286,0.692308,0.285714,Cl1
a108,0.642857,0.928571,0.461538,0.642857,Cl3
a109,0.357143,0.428571,0,0.857143,Cl1
a110,0.357143,0.642857,0.538462,0.714286,Cl2
a111,0.642857,0.571429,0.538462,0.357143,Cl2
a112,0.928571,0.071429,0.615385,0.5,Cl1
a113,0.142857,0.142857,0.923077,0.285714,Cl1
a114,0.642857,0.285714,0.923077,0.785714,Cl2
a115,0.5,0.714286,0.307692,0.5,Cl2
a116,1,1,0.307692,1,Cl3
a117,0.357143,0.714286,0.153846,0.285714,Cl2
a118,0.214286,0.571429,0.153846,0.357143,Cl1
a119,0.785714,0.214286,0.384615,0,Cl1
a120,0.857143,0.428571,0.538462,0.285714,Cl2
a121,0,0.857143,0.692308,0.714286,Cl2
a122,0.714286,0.642857,0.923077,0.714286,Cl3
a123,0.857143,0.642857,0.307692,0.714286,Cl3
a124,0.571429,0.214286,0.923077,0.5,Cl1
a125,0.214286,0.428571,0.615385,0.857143,Cl1
a126,0.785714,0.285714,0.923077,0.571429,Cl2
a127,0.785714,0.428571,0.769231,0.571429,Cl2
a128,1,0.5,0.076923,0.714286,Cl2
a129,1,0.285714,0.076923,0.285714,Cl2
a130,0.928571,0.142857,0.923077,0.785714,Cl2
a131,0.571429,0.428571,0.769231,0.071429,Cl2
a132,0.5,0.642857,0,0.857143,Cl2
a133,0.928571,0.928571,0.384615,0.928571,Cl3
a134,0.928571,0.642857,0.923077,0.714286,Cl3
a135,0.214286,0.214286,0.076923,0.857143,Cl1
a136,0.642857,0.428571,0.153846,0.5,Cl2
a137,0.571429,0.357143,0.615385,1,Cl2
a138,0.214286,0.071429,0.307692,0.071429,Cl1
a139,0.142857,0.785714,0.769231,1,Cl2
a140,0.142857,0.785714,0.076923,0.357143,Cl1
a141,0.142857,0.428571,0.615385,0.928571,Cl1
a142,0.642857,0.428571,0.923077,0.285714,Cl2
a143,0.571429,0.857143,0,0.642857,Cl2
a144,0,0,0.769231,0.142857,Cl1
a145,0.714286,0.142857,0.538462,0.714286,Cl1
a146,0.357143,0.857143,0.692308,0.285714,Cl2
a147,0.071429,0.785714,0.384615,0.142857,Cl1
a148,0.071429,0.142857,0.692308,1,Cl1
a149,0.714286,0.785714,0.230769,0.714286,Cl3
a150,0.642857,0,0.076923,0.714286,Cl1
a151,1,0.928571,0.307692,0.928571,Cl3
a152,0.214286,0.785714,0.153846,0.857143,Cl2
a153,0.214286,0.142857,0.461538,0,Cl1
a154,0.857143,0.214286,0.307692,0.5,Cl1
a155,0.5,0.857143,0.230769,0,Cl2
a156,0.071429,0.142857,1,1,Cl1
a157,0.142857,0.214286,0.538462,0.642857,Cl1
a158,1,0.928571,0.230769,0.285714,Cl3
a159,0.928571,0.142857,0.692308,0.428571,Cl2
a160,0.785714,0.571429,0,0.642857,Cl2
a161,1,0.071429,0.384615,0.5,Cl1
a162,0.357143,0.571429,0.230769,0.642857,Cl2
a163,0.857143,0,0.153846,0.928571,Cl1
a164,0.714286,0.857143,0.076923,0.642857,Cl3
a165,0.785714,0.428571,0.384615,0.642857,Cl2
a166,1,0.642857,0,0.357143,Cl2
a167,0.857143,0.571429,0.230769,0.714286,Cl2
a168,0,0.214286,0.384615,0,Cl1
a169,0.357143,0,0.153846,0.928571,Cl1
a170,1,0.928571,0.769231,1,Cl3
a171,0.357143,0.928571,0.538462,0,Cl2
a172,0.5,0.071429,0.076923,0.142857,Cl1
a173,0.714286,0.071429,0.384615,0.285714,Cl1
a174,0.714286,0.928571,0.076923,0.571429,Cl3
a175,0.214286,0.571429,0.769231,0.357143,Cl2
a176,0.571429,0.714286,0.307692,0.857143,Cl2
a177,0.214286,0,0.615385,1,Cl1
a178,0.071429,0.785714,0.538462,0.714286,Cl2
a179,0.714286,0.285714,0.230769,0.928571,Cl2
a180,0.071429,0.357143,0.153846,0,Cl1
a181,0.857143,0.357143,1,0,Cl2
a182,0.928571,0.571429,0.692308,0.642857,Cl3
a183,0.214286,0.214286,0.615385,0.071429,Cl1
a184,0.357143,0.142857,0.538462,0.285714,Cl1
a185,0.642857,0.214286,0.153846,1,Cl1
a186,0.714286,0.285714,0.230769,0.5,Cl1
a187,0.857143,0.357143,0.230769,0.428571,Cl2
a188,0.5,0.285714,1,0.142857,Cl1
a189,0.214286,0.214286,0.153846,0.857143,Cl1
a190,0.5,0.071429,0.384615,0.857143,Cl1
a191,0.357143,0.928571,0.923077,0.571429,Cl3
a192,0.571429,0.214286,0.615385,0.428571,Cl1
a193,0.357143,0.5,0.538462,0.142857,Cl1
a194,0.714286,0.214286,0.692308,0.071429,Cl1
a195,0.357143,0.571429,0.692308,0.142857,Cl2
a196,0.785714,0.571429,0.923077,1,Cl3
a197,1,0.642857,0.307692,0.928571,Cl3
a198,0.785714,0.071429,0.307692,0.071429,Cl1
a199,0.357143,0.142857,0.076923,0.357143,Cl1
a200,0.714286,1,0.076923,0,Cl3
a201,0,0.785714,0.538462,0.5,Cl2
a202,0.357143,0.214286,0.461538,0.571429,Cl1
a203,0.357143,0.642857,0.923077,0.714286,Cl2
a204,0.785714,0.071429,0.615385,0,Cl1
a205,0.714286,0.142857,0.461538,0.5,Cl1
a206,1,0.571429,0.923077,0.285714,Cl3
a207,0.928571,0.357143,0.153846,0.428571,Cl2
a208,0.642857,0.857143,0.769231,0.357143,Cl3
a209,0.142857,0.857143,1,0.571429,Cl2
a210,0.571429,1,1,0.571429,Cl3
a211,1,0.214286,0.461538,0.714286,Cl2
a212,0.142857,0.428571,0.384615,0.071429,Cl1
a213,0.214286,1,1,0.142857,Cl3
a214,0.142857,0.357143,0.076923,0.714286,Cl1
a215,0.214286,0.5,0.615385,0.857143,Cl2
a216,0.642857,1,0.461538,1,Cl3
a217,0.214286,0.428571,0.538462,0.5,Cl1
a218,0.928571,0.214286,0.153846,0.357143,Cl1
a219,0.714286,0.071429,0,0.928571,Cl1
a220,0.071429,0.357143,0.923077,0.285714,Cl1
a221,0.357143,0.928571,0.230769,0.428571,Cl2
a222,0.071429,0,0.307692,0.428571,Cl1
a223,0.071429,0.214286,0.230769,0.428571,Cl1
a224,0.357143,0.142857,0.923077,0,Cl1
a225,0.571429,0,0.923077,0.071429,Cl1
a226,0.571429,0.214286,0.076923,0.857143,Cl1
a227,0.642857,0.857143,0.153846,0.571429,Cl3
a228,0.214286,0.571429,0.230769,0,Cl1
a229,0.928571,0.857143,0.538462,0.571429,Cl3
a230,0.642857,0.285714,0.769231,0.571429,Cl2
a231,0.642857,0.928571,0.923077,0.642857,Cl3
a232,0.571429,0.642857,0.615385,0.428571,Cl2
a233,1,0.357143,0.923077,0.857143,Cl3
a234,0.928571,0.571429,0.230769,0.285714,Cl2
a235,0.714286,0.5,0.384615,0.142857,Cl2
a236,0.571429,0.285714,0.692308,0.285714,Cl1
a237,0.571429,0.142857,0.538462,0.928571,Cl1
a238,0.571429,0.928571,0.307692,0.785714,Cl3
a239,0,0.071429,0.615385,0.571429,Cl1
a240,0.071429,0.857143,0.307692,0.928571,Cl2
a241,0.071429,1,0.769231,0.5,Cl2
a242,0.142857,0.071429,0.461538,0.428571,Cl1
a243,0.071429,0.785714,0.615385,0.142857,Cl2
a244,0.214286,0.214286,0.538462,0.142857,Cl1
a245,0.642857,0.928571,0.615385,0.285714,Cl3
a246,0.785714,0.285714,0.615385,0.642857,Cl2
a247,0.928571,1,0.538462,0.071429,Cl3
a248,0.214286,0.571429,0.307692,0.285714,Cl1
a249,0.142857,0,0.307692,1,Cl1
a250,0.357143,0.071429,0.153846,0,Cl1
a251,0.357143,0.142857,0.692308,0.5,Cl1
a252,1,0.285714,0.769231,0.857143,Cl2
a253,0.214286,0.357143,0.307692,0.785714,Cl1
a254,0.071429,0.785714,0.153846,0.928571,Cl2
a255,0.142857,0.142857,0.461538,0.714286,Cl1
a256,0.642857,0.857143,0.153846,0.642857,Cl3
a257,0.5,0.714286,0.461538,0.642857,Cl2
a258,1,0.571429,0.230769,0.857143,Cl3
a259,0.214286,0.714286,0.461538,0.928571,Cl2
a260,0.5,0.428571,0.769231,0.285714,Cl2
a261,0.785714,0.357143,0.615385,0.571429,Cl2
a262,1,0.785714,0.076923,0,Cl3
a263,0.357143,0.785714,0.307692,0.5,Cl2
a264,0.642857,0.714286,0.769231,0.5,Cl3
a265,0.928571,0.214286,1,0.928571,Cl2
a266,0.928571,0.785714,0.307692,0.857143,Cl3
a267,0.571429,0.428571,0.692308,0.642857,Cl2
a268,0.071429,0.071429,0.384615,0.642857,Cl1
a269,0.5,0.785714,0.538462,0.142857,Cl2
a270,0.642857,1,0.923077,0.071429,Cl3
a271,0.928571,0.5,0.307692,0.928571,Cl3
a272,0,0.142857,0.153846,0.357143,Cl1
a273,0.928571,0.357143,0.923077,0.071429,Cl2
a274,1,0.857143,0.461538,0.642857,Cl3
a275,0.357143,0.428571,0.615385,0.071429,Cl1
a276,0.071429,0.642857,1,0.785714,Cl2
a277,0.5,0.071429,1,0.071429,Cl1
a278,0.071429,0.714286,0.384615,0.928571,Cl2
a279,0.642857,0.857143,0.461538,0.571429,Cl3
a280,0.857143,0.928571,1,0.142857,Cl3
a281,0.071429,0.142857,0.615385,0.357143,Cl1
a282,1,0.214286,0.230769,0.142857,Cl1
a283,0.642857,0.571429,0.230769,0.571429,Cl2
a284,0.214286,0.571429,0.307692,0.428571,Cl1
a285,0.357143,0.142857,0.769231,1,Cl1
a286,0.5,0.285714,0.307692,0,Cl1
a287,0,0.071429,0.153846,0.142857,Cl1
a288,0.357143,0.428571,0.615385,0.071429,Cl1
a289,0.714286,0.642857,0.461538,0.071429,Cl2
a290,0.071429,1,0.538462,0.714286,Cl2
a291,0,0.785714,0.538462,0,Cl1
a292,0.071429,0.642857,0.615385,0,Cl1
a293,0.142857,0.5,0.076923,0.714286,Cl1
a294,0,0.714286,0,0.428571,Cl1
a295,0.785714,0.214286,0.615385,0.428571,Cl2
a296,0.857143,0.142857,0.384615,0.714286,Cl1
a297,0.571429,0.785714,0.615385,1,Cl3
a298,1,0.357143,0.461538,0.428571,Cl2
a299,0.714286,1,0.230769,0.714286,Cl3
a300,0.071429,0.285714,0.230769,0,Cl1
a301,0.214286,0.5,0.307692,0.928571,Cl1
a302,0.714286,0.357143,0.923077,0.857143,Cl2
a303,0.714286,0.714286,0.153846,0.857143,Cl3
a304,0.214286,0,0.615385,0.785714,Cl1
a305,0.071429,0.142857,0.461538,0.642857,Cl1
a306,0.071429,0.571429,0.461538,0.071429,Cl1
a307,0.071429,0.142857,0.769231,0.714286,Cl1
a308,0.214286,0.071429,0.384615,0.428571,Cl1
a309,0.5,0.285714,0.230769,1,Cl1
a310,0.785714,0,0.307692,0.285714,Cl1
a311,0.571429,0.928571,0,0.642857,Cl3
a312,0.071429,0.428571,0.923077,0.142857,Cl1
a313,0.642857,0.428571,0.153846,0.642857,Cl2
a314,0.928571,0,0,0.785714,Cl1
a315,0.142857,0.285714,0.769231,0,Cl1
a316,0.214286,0.357143,0.384615,1,Cl1
a317,1,0.428571,0.923077,0,Cl3
a318,0.785714,0,0.307692,0.5,Cl1
a319,1,1,0.538462,0,Cl3
a320,0.357143,0,0.076923,0.071429,Cl1
a321,0,0.214286,0.307692,0.285714,Cl1
a322,0.571429,1,0.769231,0.5,Cl3
a323,0.928571,0.142857,0.769231,0.642857,Cl2
a324,1,0,0.923077,0.571429,Cl2
a325,0.857143,0.642857,0.615385,0.857143,Cl3
a326,0.5,0.857143,0.615385,0.5,Cl3
a327,0.214286,0.642857,0.461538,1,Cl2
a328,0.928571,0.142857,0.692308,0.928571,Cl2
a329,0.071429,0.642857,0.769231,0.285714,Cl1
a330,0,1,0.692308,1,Cl3
a331,0.785714,0.5,0.615385,0,Cl2
a332,0.571429,0.428571,0.461538,0.5,Cl2
a333,1,0.285714,0.230769,0.571429,Cl2
a334,0.928571,0.928571,0.538462,0.357143,Cl3
a335,0.928571,0.5,0.461538,0.142857,Cl2
a336,0.142857,0,0.076923,0.071429,Cl1
a337,0.357143,0.571429,0.076923,0.142857,Cl1
a338,0.071429,0.142857,0.384615,0.714286,Cl1
a339,0.214286,0.357143,0.923077,0.357143,Cl1
a340,0.857143,0.428571,0.230769,0.928571,Cl2
a341,0.785714,0.5,0.923077,0.285714,Cl2
a342,0.928571,0.214286,0.307692,0.428571,Cl2
a343,0.571429,0.357143,0.923077,1,Cl2
a344,0.571429,0.928571,0.769231,0,Cl3
a345,0.857143,0.214286,0,0.285714,Cl1
a346,0.928571,0.571429,0.307692,0.285714,Cl2
a347,1,0.785714,0.461538,0.857143,Cl3
a348,0.357143,0.285714,0.923077,0.928571,Cl2
a349,0.785714,0.857143,0.307692,0.071429,Cl3
a350,0.571429,0.785714,0.307692,0.285714,Cl2
a351,0,0.642857,0.153846,0.857143,Cl1
a352,0.785714,0.857143,0.307692,0.857143,Cl3
a353,0.642857,0.928571,0,0,Cl2
a354,0.571429,0.357143,0.076923,0.857143,Cl1
a355,0.571429,0.642857,0.769231,0.928571,Cl3
a356,0.142857,0.285714,0.923077,0.428571,Cl1
a357,0.571429,0.142857,0.076923,0.928571,Cl1
a358,0.071429,0.642857,0.076923,1,Cl1
a359,0.857143,0.357143,0.615385,0.714286,Cl2
a360,1,0.785714,0.076923,0.285714,Cl3
a361,0.785714,0.857143,1,0.357143,Cl3
a362,0.5,0.714286,0.384615,0,Cl2
a363,0.642857,0.714286,0,0.285714,Cl2
a364,0.642857,0.928571,0,0.642857,Cl3
a365,0.571429,0.785714,0.615385,0.142857,Cl2
a366,0.857143,0.214286,0.461538,0.428571,Cl2
a367,0.142857,0.785714,0.153846,1,Cl2
a368,0.142857,0.642857,1,0.5,Cl2
a369,0.142857,0.214286,0.384615,0.357143,Cl1
a370,0.142857,0.214286,0.076923,0.642857,Cl1
a371,0.357143,0.285714,0.461538,0.928571,Cl1
a372,1,0.142857,0.076923,0.357143,Cl1
a373,0.571429,0.285714,0.538462,0.857143,Cl2
a374,0.5,0.928571,0.692308,0.642857,Cl3
a375,0.928571,0.642857,0.692308,0.5,Cl3
a376,0.785714,0.285714,0.307692,0.5,Cl2
a377,0,0.5,0.076923,1,Cl1
a378,0.642857,0.5,0.230769,0.928571,Cl2
a379,0.214286,0.071429,0.615385,0.071429,Cl1
a380,0.642857,0.071429,0.538462,0.571429,Cl1
a381,0.071429,0.571429,0.230769,0.857143,Cl1
a382,0,0.571429,0,0.428571,Cl1
a383,0.214286,0.357143,0.153846,0.928571,Cl1
a384,0.214286,0.071429,0.230769,0.357143,Cl1
a385,0.785714,0.714286,0.538462,0.142857,Cl3
a386,0.571429,0.214286,0.615385,0.714286,Cl1
a387,0.857143,0.214286,1,0.714286,Cl2
a388,0.571429,0.285714,0.538462,0,Cl1
a389,0.142857,0.785714,0.538462,0,Cl2
a390,0.928571,0.571429,0.769231,0.714286,Cl3
a391,1,0.857143,1,0.285714,Cl3
a392,0.214286,0,0.461538,0.785714,Cl1
a393,0.785714,0.642857,0.153846,0,Cl2
a394,0.928571,0.5,0.615385,0.928571,Cl3
a395,1,0.214286,1,0.071429,Cl2
a396,1,0.571429,0.230769,0.357143,Cl2
a397,0.857143,0.5,0.307692,0.785714,Cl2
a398,0.142857,0.571429,0.076923,0.642857,Cl1
a399,1,0.571429,0.153846,0.857143,Cl3
a400,0.357143,1,0,0.642857,Cl2
a401,0.785714,0.142857,0.461538,0,Cl1
a402,0.071429,0.5,0.923077,0.428571,Cl1
a403,0.714286,0.071429,0.230769,0.071429,Cl1
a404,0.071429,0.928571,1,0.428571,Cl2
a405,0.714286,0.5,0.307692,0.5,Cl2
a406,1,0.428571,0.461538,0.5,Cl2
a407,0.714286,1,0.384615,0.928571,Cl3
a408,0.928571,0.5,0.153846,0.142857,Cl2
a409,0,0.357143,0.538462,1,Cl1
a410,0.5,0,0.230769,0,Cl1
a411,0.642857,0.071429,0.692308,1,Cl1
a412,0.714286,0.642857,0.230769,0.571429,Cl2
a413,0.928571,0.857143,0.923077,0.785714,Cl3
a414,0.928571,0,0.923077,0.428571,Cl2
a415,1,0.928571,0.769231,0.285714,Cl3
a416,0.857143,0.5,0.615385,0.428571,Cl2
a417,0.357143,1,0.615385,0.714286,Cl3
a418,0.714286,0.428571,0,0.928571,Cl2
a419,0.857143,0.357143,0.538462,0.857143,Cl2
a420,0.857143,0.785714,0.307692,0.357143,Cl3
a421,0,0.928571,0.615385,0.5,Cl2
a422,0.857143,1,0.076923,0.285714,Cl3
a423,0.142857,0.714286,0.923077,0.928571,Cl2
a424,0,0.5,0.230769,0.357143,Cl1
a425,1,0.642857,0.076923,0.571429,Cl3
a426,0,0.857143,0.153846,0,Cl1
a427,0,0.642857,0.307692,0.785714,Cl1
a428,0.357143,0.142857,0.384615,0.571429,Cl1
a429,0,0.071429,0.230769,0.785714,Cl1
a430,0.714286,0.642857,0.538462,0.928571,Cl3
a431,0.5,0.857143,0.153846,1,Cl3
a432,0.5,0.428571,0.692308,1,Cl2
a433,0,0.142857,0.461538,0,Cl1
a434,1,1,0.230769,0.357143,Cl3
a435,0.214286,0.714286,0.076923,0.428571,Cl1
a436,0.857143,0.714286,0.923077,1,Cl3
a437,0.357143,0.428571,0.538462,0.928571,Cl2
a438,0.857143,0,0.692308,0.571429,Cl1
a439,0.928571,0.214286,0.615385,0.357143,Cl2
a440,0.357143,0.285714,0.538462,0.071429,Cl1
a441,0.5,0.214286,0.076923,0,Cl1
a442,0.857143,0.928571,0.538462,0.428571,Cl3
a443,0.642857,0.785714,0.923077,0.5,Cl3
a444,0.357143,0.357143,1,0.785714,Cl2
a445,0.785714,0.785714,0.461538,0.5,Cl3
a446,0.357143,0.214286,0.230769,0.5,Cl1
a447,0.357143,0.428571,0.461538,0.714286,Cl1
a448,0.571429,0.428571,1,0.857143,Cl2
a449,0.714286,0.285714,0.538462,0.5,Cl2
a450,0.571429,0.071429,0.615385,0.785714,Cl1
a451,0.357143,0,0.230769,0.714286,Cl1
a452,0.357143,0.214286,0.307692,0.642857,Cl1
a453,0.142857,0,0.076923,0.285714,Cl1
a454,1,0.428571,0.769231,0.428571,Cl3
a455,0,0.714286,0.538462,0.857143,Cl2
a456,0.071429,0.928571,1,0.642857,Cl3
a457,0.928571,0.142857,0.923077,0.571429,Cl2
a458,0.928571,0.857143,0.307692,0.142857,Cl3
a459,0.571429,0.428571,0.384615,0.571429,Cl2
a460,0.928571,0.857143,0.692308,0.071429,Cl3
a461,0.071429,0.928571,0.615385,0.928571,Cl2
a462,0.857143,0.571429,0.307692,0.857143,Cl3
a463,0.857143,0.285714,0.153846,0.142857,Cl1
a464,0,0,0.538462,0.857143,Cl1
a465,0.571429,0.857143,0.615385,0.785714,Cl3
a466,0.928571,0.071429,0.230769,1,Cl1
a467,1,0.571429,0,0.5,Cl2
a468,0.642857,1,0.615385,1,Cl3
a469,0.357143,0.428571,0.615385,0.285714,Cl1
a470,0.357143,0.285714,0.769231,0.428571,Cl1
a471,0.642857,0.642857,0.461538,0.571429,Cl2
a472,0.785714,0.571429,0.384615,0.857143,Cl3
a473,0.214286,0.214286,0.384615,0.142857,Cl1
a474,0.785714,0.857143,1,0.357143,Cl3
a475,0.357143,0.642857,0.538462,0.642857,Cl2
a476,0.142857,0.428571,0.538462,0.785714,Cl1
a477,0.714286,0.785714,0.230769,0.714286,Cl3
a478,1,1,0.538462,0.357143,Cl3
a479,0.357143,0.785714,0.076923,0.142857,Cl2
a480,0.642857,0.428571,0.076923,0.285714,Cl1
a481,0.714286,0.285714,0.230769,0.571429,Cl1
a482,0.142857,0.071429,0.461538,0.642857,Cl1
a483,0.857143,0.214286,0.153846,0.571429,Cl1
a484,0.071429,0.714286,0.076923,0.714286,Cl1
a485,0.142857,0.571429,0.076923,0.428571,Cl1
a486,0.571429,0.785714,0,0.928571,Cl2
a487,0.857143,0.142857,0.230769,0,Cl1
a488,0,0.214286,0,0.714286,Cl1
a489,0.071429,0.285714,0.461538,0.857143,Cl1
a490,0.071429,0,0.076923,0.071429,Cl1
a491,0.928571,0.928571,0.615385,1,Cl3
a492,0.5,0.428571,0.923077,0.428571,Cl2
a493,0,0.642857,0.153846,0,Cl1
a494,0.785714,0.785714,0.692308,0.785714,Cl3
a495,0.928571,0.071429,0.153846,0.357143,Cl1
a496,0.714286,0.142857,0.615385,0.071429,Cl1
a497,0.642857,0.714286,0.923077,0.5,Cl3
a498,0.785714,0.5,0.538462,0.785714,Cl2
a499,0.571429,0.714286,0.461538,0.5,Cl2
a500,0.642857,0.571429,0.615385,0.357143,Cl2
a501,0.857143,0.642857,0.923077,0.571429,Cl3
a502,0.857143,0.428571,0.384615,0.428571,Cl2
a503,0.142857,0.571429,0.384615,0.142857,Cl1
a504,0.642857,0.214286,0.615385,0.071429,Cl1
a505,0.642857,0.285714,0,0.142857,Cl1
a506,0.214286,0.214286,0.307692,0.071429,Cl1
a507,0.071429,0,0.461538,0.642857,Cl1
a508,0.071429,0.071429,0.076923,0.928571,Cl1
a509,0.785714,0.428571,0.307692,0.571429,Cl2
a510,0.785714,0,0.076923,0.071429,Cl1
a511,0.714286,1,0,0.357143,Cl3
a512,0.928571,0.5,0.307692,0.142857,Cl2
a513,0.571429,0.285714,0.076923,0.357143,Cl1
a514,0.857143,0.857143,0.923077,0.428571,Cl3
a515,0.357143,0.928571,0.538462,0,Cl2
a516,0.857143,0.428571,0.384615,0.642857,Cl2
a517,1,0.357143,0.692308,0.642857,Cl2
a518,0.5,0.928571,0.461538,0.785714,Cl3
a519,0.071429,0,0.076923,1,Cl1
a520,0.142857,0.214286,1,0.285714,Cl1
a521,1,0.571429,0.307692,0,Cl2
a522,0.857143,0.785714,0.769231,0.357143,Cl3
a523,0.857143,0.285714,0.307692,0.5,Cl2
a524,0.785714,0.785714,0,0.642857,Cl3
a525,0.214286,0,1,0.714286,Cl1
a526,0.785714,0.642857,0.384615,0.928571,Cl3
a527,0.642857,0.357143,0.692308,0.642857,Cl2
a528,0.571429,0.357143,0.076923,0.714286,Cl1
a529,0.857143,0.071429,0.153846,1,Cl1
a530,0.571429,0.357143,0.769231,0.5,Cl2
a531,0.714286,0.214286,0,0.785714,Cl1
a532,0.357143,0.071429,1,0.857143,Cl1
a533,0.642857,1,0.307692,0.5,Cl3
a534,0,0.714286,0.230769,0.928571,Cl1
a535,0.5,0.142857,0.538462,0.928571,Cl1
a536,0,0,0.615385,0.571429,Cl1
a537,0.142857,0.642857,0.384615,0.928571,Cl2
a538,1,1,0,0,Cl3
a539,0.857143,0.142857,0.307692,0.428571,Cl1
a540,1,0.5,0.384615,0.5,Cl3
a541,0.142857,0.857143,0.923077,0.071429,Cl2
a542,0.357143,0.428571,0.769231,0.857143,Cl2
a543,0.785714,0.642857,0.692308,0.142857,Cl3
a544,0.857143,0.571429,0.076923,0.428571,Cl2
a545,0.142857,0.5,0.461538,0.285714,Cl1
a546,0.142857,0.571429,0,0.428571,Cl1
a547,0.5,0.571429,1,0.428571,Cl2
a548,0.214286,0.214286,0.307692,0.785714,Cl1
a549,0.571429,0.285714,0.692308,0.5,Cl1
a550,0.071429,0.571429,0.153846,1,Cl1
a551,0.785714,0.357143,0.384615,0.785714,Cl2
a552,0.714286,0.357143,0.615385,0.285714,Cl2
a553,0.071429,0.214286,0.461538,0.428571,Cl1
a554,0.642857,0.785714,1,0.928571,Cl3
a555,0.571429,0,0.461538,0.928571,Cl1
a556,0.642857,0.714286,0.307692,0.857143,Cl3
a557,0.857143,0.857143,0.615385,0.357143,Cl3
a558,0.357143,1,0.461538,0.571429,Cl3
a559,0.071429,0.357143,0.461538,0.428571,Cl1
a560,0.357143,0.142857,0.538462,0.642857,Cl1
a561,0.928571,0.857143,0.615385,0.714286,Cl3
a562,0.571429,0.928571,0,0.142857,Cl2
a563,0.071429,0.357143,0.923077,0.928571,Cl1
a564,0.714286,0.214286,0.538462,0.642857,Cl2
a565,0.928571,0.428571,0.923077,0.857143,Cl3
a566,0.357143,0.714286,1,0.928571,Cl3
a567,0.785714,0.714286,0.615385,0.642857,Cl3
a568,0.5,0.857143,0.538462,0.857143,Cl3
a569,0.857143,0.071429,0.923077,0,Cl1
a570,0.928571,1,0.153846,0.571429,Cl3
a571,0.642857,0.642857,0.615385,0.571429,Cl2
a572,0.571429,0.285714,0.461538,0,Cl1
a573,0.5,0.071429,0.692308,0.928571,Cl1
a574,0.142857,0.285714,0.230769,0,Cl1
a575,0.714286,0.642857,0.076923,0.285714,Cl2
a576,0.357143,0.357143,0.923077,0.285714,Cl1
a577,0,0.642857,0.538462,0.142857,Cl1
a578,0.142857,0.928571,0.307692,0.928571,Cl2
a579,0.5,0.785714,0.461538,0.428571,Cl2
a580,0.928571,0.714286,0.153846,0.928571,Cl3
a581,0.5,0.785714,0.615385,0.714286,Cl3
a582,0.142857,0,0.307692,0.642857,Cl1
a583,0.714286,0.857143,0.153846,0.428571,Cl3
a584,0.071429,0.785714,0.230769,0.357143,Cl1
a585,0,1,0.307692,0.142857,Cl2
a586,1,0.214286,0.692308,0.857143,Cl2
a587,0.142857,0,0.307692,0.928571,Cl1
a588,0.071429,0.285714,0.615385,0.571429,Cl1
a589,0.357143,0.428571,1,0.142857,Cl2
a590,0.642857,0.714286,0,0.142857,Cl2
a591,0.071429,0.214286,0.076923,0.714286,Cl1
a592,0.642857,0.357143,0.153846,0.5,Cl1
a593,0.5,0.357143,0.384615,0.285714,Cl1
a594,0.142857,0.214286,0.769231,0.571429,Cl1
a595,0.071429,0,0.538462,0.5,Cl1
a596,0.785714,0.857143,0.230769,0.5,Cl3
a597,0.642857,1,0.538462,0.714286,Cl3
a598,0.928571,0.142857,0.615385,0,Cl1
a599,0.714286,0.928571,1,0.428571,Cl3
a600,0,0.285714,0.692308,0.714286,Cl1
a601,0.5,0,0.461538,0.785714,Cl1
a602,0.642857,0.928571,0.230769,1,Cl3
a603,0.5,1,0.153846,0.428571,Cl3
a604,0.714286,0.142857,0.692308,0.642857,Cl1
a605,0.142857,0.071429,0.230769,0.785714,Cl1
a606,0.357143,0,1,0.714286,Cl1
a607,0,0.714286,0.923077,0.857143,Cl2
a608,0.357143,0.285714,0.230769,0.857143,Cl1
a609,0.071429,0.785714,0.076923,0.714286,Cl1
a610,0.785714,0.071429,0.538462,0.642857,Cl1
a611,0.785714,0.357143,0.615385,1,Cl2
a612,1,0.571429,0.769231,0.571429,Cl3
a613,0.142857,0.428571,0.307692,0.071429,Cl1
a614,0.571429,0.428571,0.923077,0.928571,Cl2
a615,0.5,0.142857,0.461538,0.642857,Cl1
a616,0.571429,0.571429,0.230769,0.285714,Cl2
a617,0.071429,0.5,0.692308,0,Cl1
a618,0.357143,0,0.307692,0.142857,Cl1
a619,0.714286,0.571429,0.769231,0.357143,Cl2
a620,0.714286,0.142857,0.461538,0.571429,Cl1
a621,0.785714,0.714286,0.230769,0.357143,Cl2
a622,0.5,0.785714,0.384615,0.071429,Cl2
a623,0.357143,0.142857,0.692308,0.428571,Cl1
a624,0.571429,0.785714,0.769231,0.857143,Cl3
a625,1,0.571429,1,0.428571,Cl3
a626,0.714286,0.785714,0.076923,0.785714,Cl3
a627,1,0,0,0.142857,Cl1
a628,0.785714,0.571429,0.923077,0.142857,Cl3
a629,0.857143,0.214286,0.615385,0.857143,Cl2
a630,0.214286,0.071429,0.538462,0.428571,Cl1
a631,0,0.428571,0.153846,0.5,Cl1
a632,1,0,0.384615,0.928571,Cl1
a633,0.785714,0,0.923077,0.857143,Cl2
a634,0.714286,0.071429,0.076923,0.714286,Cl1
a635,1,0.285714,1,0.142857,Cl2
a636,0.142857,0.571429,0.769231,0.714286,Cl2
a637,0.071429,0.785714,0.692308,0.571429,Cl2
a638,0,0,0.538462,0.785714,Cl1
a639,0,0.285714,0.538462,0.571429,Cl1
a640,0.214286,0.214286,0.769231,0.357143,Cl1
a641,0.571429,0,0.230769,0,Cl1
a642,0.071429,0.071429,0.615385,0.714286,Cl1
a643,0,0.071429,0.769231,0.785714,Cl1
a644,0.642857,0.714286,0.692308,0.142857,Cl2
a645,0.642857,0,0.923077,0,Cl1
a646,0.714286,0.071429,0.153846,0.142857,Cl1
a647,0.571429,0.5,0.076923,1,Cl2
a648,0.928571,0.285714,0.153846,0.785714,Cl2
a649,0.357143,0.214286,0.384615,0.285714,Cl1
a650,0.071429,0.642857,0.692308,0.428571,Cl1
a651,0.142857,0.428571,0.384615,1,Cl1
a652,0.714286,0.142857,0.307692,0,Cl1
a653,1,0.785714,0.461538,0.785714,Cl3
a654,0.857143,0,0.076923,0.714286,Cl1
a655,0.357143,1,0.769231,0.285714,Cl3
a656,0.642857,0.571429,0.538462,0.357143,Cl2
a657,1,0.714286,0.769231,0.285714,Cl3
a658,0.5,0.357143,0.153846,0.5,Cl1
a659,0.357143,0.714286,0.615385,1,Cl2
a660,0.571429,0.642857,0,0.571429,Cl2
a661,0,0.285714,0,0.357143,Cl1
a662,0.785714,0.785714,0.692308,0.071429,Cl3
a663,0.071429,0.928571,1,0.571429,Cl3
a664,0.071429,0.071429,0.076923,0,Cl1
a665,0,0.928571,0,0.928571,Cl2
a666,0.642857,0.642857,0.769231,0.428571,Cl3
a667,0.214286,0.571429,0.923077,0.857143,Cl2
a668,0.5,0.857143,0.076923,0.285714,Cl2
a669,1,0.5,0,0.428571,Cl2
a670,0.142857,0.642857,0.384615,0.071429,Cl1
a671,0.928571,0.571429,0,0.142857,Cl2
a672,1,0.642857,0.153846,0.142857,Cl3
a673,0.928571,0.785714,0.615385,0.5,Cl3
a674,0.5,0.142857,0.692308,0.785714,Cl1
a675,0.714286,1,1,0.285714,Cl3
a676,1,0.928571,1,0.357143,Cl3
a677,0.785714,0.285714,0.076923,0.714286,Cl1
a678,0.928571,0.214286,0.461538,0.714286,Cl2
a679,1,0.928571,0.153846,0.571429,Cl3
a680,0,0,0.692308,0.142857,Cl1
a681,1,0,0.692308,0.285714,Cl1
a682,0.785714,0.714286,0.461538,0.785714,Cl3
a683,0.214286,0.214286,0.461538,1,Cl1
a684,0.571429,0.285714,0.538462,1,Cl2
a685,0.714286,0.571429,0.769231,1,Cl3
a686,0,0.071429,0.076923,0,Cl1
a687,1,0,0.769231,0.642857,Cl2
a688,0.714286,0.5,0.538462,1,Cl2
a689,0.785714,0.642857,0.769231,0.714286,Cl3
a690,0.214286,0.285714,0.615385,0.428571,Cl1
a691,0.571429,1,0.615385,0.071429,Cl3
a692,0,0.928571,0.769231,0.571429,Cl2
a693,0.928571,0.285714,0.538462,0.285714,Cl2
a694,0,0.928571,0.538462,0.428571,Cl2
a695,0.857143,0.571429,0.538462,0.428571,Cl3
a696,0.214286,0.071429,0.769231,0.428571,Cl1
a697,0.928571,0.714286,0.230769,0.5,Cl3
a698,0.142857,0.285714,0.384615,0.857143,Cl1
a699,0.928571,0.714286,0.769231,0,Cl3
a700,0.071429,0.928571,0.615385,0.928571,Cl2
a701,0.5,0.928571,0.615385,0.642857,Cl3
a702,0.857143,0.714286,0.230769,0.285714,Cl3
a703,0.642857,0.142857,0.076923,0.357143,Cl1
a704,0.571429,0.5,0.615385,0.714286,Cl2
a705,0.571429,0.642857,0.230769,0.142857,Cl2
a706,0.5,0.857143,1,0.357143,Cl3
a707,0.214286,0.357143,1,0.571429,Cl1
a708,0.357143,0.5,0.153846,0.142857,Cl1
a709,1,0.642857,0.153846,0.857143,Cl3
a710,0.785714,1,0.769231,0.785714,Cl3
a711,0.785714,0.071429,0.153846,0.428571,Cl1
a712,0.214286,0.142857,1,0.714286,Cl1
a713,0.714286,0.357143,1,0.928571,Cl2
a714,0.714286,0.642857,0,0.571429,Cl2
a715,0,0.928571,0.230769,0.857143,Cl2
a716,0.785714,1,0.076923,0.357143,Cl3
a717,0.928571,0.214286,0,0.142857,Cl1
a718,1,0.071429,0.153846,0.142857,Cl1
a719,0.857143,0.142857,0,0.642857,Cl1
a720,0,0.214286,0.923077,0,Cl1
a721,0.214286,0.857143,0.692308,0.571429,Cl2
a722,0.571429,0.571429,0.384615,0.857143,Cl2
a723,0.142857,0.214286,0.461538,0.285714,Cl1
a724,0.714286,0.428571,0,0.928571,Cl2
a725,0.642857,0.428571,0.076923,0.357143,Cl1
a726,0.357143,0.928571,1,0.5,Cl3
a727,0.571429,0.357143,0.615385,0.785714,Cl2
a728,0.071429,0.142857,0.153846,0.642857,Cl1
a729,0.214286,0.857143,0.307692,1,Cl2
a730,0.785714,0.785714,0.769231,0.357143,Cl3
a731,0.214286,0.214286,0,0.785714,Cl1
a732,0.5,0.142857,0.692308,0.5,Cl1
a733,0.5,1,0.923077,0.357143,Cl3
a734,1,0.642857,0.461538,1,Cl3
a735,0.785714,0.642857,0.615385,0.785714,Cl3
a736,0.071429,0.928571,1,0.428571,Cl2
a737,0.928571,0.571429,0.076923,0.285714,Cl2
a738,0.928571,0.357143,0.230769,0.142857,Cl2
a739,0.714286,0.571429,0.461538,0.571429,Cl2
a740,0.071429,0.357143,0,0.5,Cl1
a741,0.785714,0.785714,0.076923,0.928571,Cl3
a742,0.928571,0.142857,0.538462,0.642857,Cl2
a743,1,0.785714,0.076923,0,Cl3
a744,0.571429,0.785714,0.538462,1,Cl3
a745,0.357143,0.285714,0.461538,0.714286,Cl1
a746,1,0.071429,0.538462,0.142857,Cl1
a747,0.142857,1,1,1,Cl3
a748,0.642857,0.142857,0.461538,0.357143,Cl1
a749,1,0.357143,0.692308,0.071429,Cl2
a750,0.142857,0.642857,0.538462,0.857143,Cl2
a751,0.142857,0.214286,0.538462,0.714286,Cl1
a752,0.714286,0.714286,0.230769,0.857143,Cl3
a753,0.571429,0.142857,0.923077,0.285714,Cl1
a754,0.928571,0.928571,0.923077,0.142857,Cl3
a755,0.928571,0,0.461538,0.5,Cl1
a756,0.5,0.928571,0.384615,0.5,Cl3
a757,0.857143,0.571429,0.769231,0.857143,Cl3
a758,0,0.928571,0.461538,0.857143,Cl2
a759,1,0.857143,0.923077,0.928571,Cl3
a760,0.214286,0.714286,0.769231,0.071429,Cl2
a761,0.357143,0.285714,0.384615,0.142857,Cl1
a762,0,0.071429,0.076923,0.285714,Cl1
a763,0.714286,0.571429,0.307692,0.428571,Cl2
a764,0.357143,0.642857,0.230769,0.071429,Cl1
a765,0.214286,0.357143,0.923077,0.571429,Cl1
a766,0.5,0.857143,0.384615,0,Cl2
a767,0.5,0,1,0.142857,Cl1
a768,0.928571,0.571429,0.384615,0.785714,Cl3
a769,0,0.928571,0.230769,0.642857,Cl2
a770,0.928571,0.642857,0.230769,0.571429,Cl3
a771,0.928571,0.357143,0.538462,0.5,Cl2
a772,0.5,0.928571,0.923077,0.714286,Cl3
a773,0.071429,0,0.384615,0,Cl1
a774,0.214286,0.5,0.615385,1,Cl2
a775,0.642857,0.785714,0.923077,1,Cl3
a776,0.857143,0.785714,0.769231,0.857143,Cl3
a777,0.714286,0.642857,0.076923,0.785714,Cl2
a778,1,0.428571,0.615385,0.642857,Cl3
a779,1,0.571429,0.307692,1,Cl3
a780,0.142857,0.642857,0.384615,0.642857,Cl1
a781,0.785714,0.785714,0.384615,0,Cl3
a782,0.357143,0.071429,0.615385,0.857143,Cl1
a783,0.642857,0.357143,0.307692,0.428571,Cl1
a784,1,0.5,0.615385,0.642857,Cl3
a785,0.928571,0.928571,0.692308,0,Cl3
a786,0.571429,0.785714,0.615385,0.928571,Cl3
a787,0.142857,0.428571,1,0.571429,Cl1
a788,0.928571,0.428571,0.923077,0.785714,Cl3
a789,0.142857,0.785714,1,0.571429,Cl2
a790,0.785714,0.571429,0.923077,0.642857,Cl3
a791,0.5,0.285714,0.769231,1,Cl2
a792,0.357143,0.785714,0.538462,0.571429,Cl2
a793,0.214286,1,0.384615,0.928571,Cl3
a794,0.785714,0.071429,0.615385,0.428571,Cl1
a795,1,0,1,0.357143,Cl2
a796,0.071429,0.285714,0.307692,0,Cl1
a797,0.142857,0.714286,0.615385,0.142857,Cl2
a798,0.571429,0.071429,0,0.071429,Cl1
a799,0.642857,0.357143,0.384615,1,Cl2
a800,1,0.642857,0.692308,0.5,Cl3
a801,0.857143,0.571429,0.538462,0.5,Cl3
a802,0.714286,0.071429,0.230769,0.428571,Cl1
a803,0,1,0.307692,0.642857,Cl2
a804,0.714286,0.214286,0.692308,1,Cl2
a805,0.928571,1,0.230769,0.428571,Cl3
a806,0,0.928571,0.307692,0.5,Cl2
a807,0,0.928571,0.692308,0.714286,Cl2
a808,0.785714,0.571429,0.692308,0.285714,Cl2
a809,0.142857,0.642857,1,0.857143,Cl2
a810,0.571429,0.785714,1,0.571429,Cl3
a811,0.142857,0.928571,0.923077,0,Cl2
a812,0.642857,0.357143,0,0.285714,Cl1
a813,0.142857,0.857143,0,0,Cl1
a814,0.142857,0.285714,0.923077,0.285714,Cl1
a815,0.857143,0.642857,1,0.857143,Cl3
a816,0.357143,0.714286,0.076923,0.428571,Cl2
a817,0.357143,0.642857,0.692308,0.071429,Cl2
a818,0.357143,0.428571,0.615385,0.714286,Cl2
a819,0,0.071429,0.538462,0.571429,Cl1
a820,0.071429,0.214286,0.692308,0.857143,Cl1
a821,0.071429,0.571429,0.615385,0.642857,Cl1
a822,0.857143,0.142857,0.307692,0.428571,Cl1
a823,0.142857,0.428571,0,0.428571,Cl1
a824,0.357143,0.428571,0.384615,0.285714,Cl1
a825,0.357143,0.785714,0.153846,0.642857,Cl2
a826,0,0.714286,0.538462,0.285714,Cl1
a827,0.071429,0,0.692308,0.071429,Cl1
a828,0.714286,0.142857,0.538462,0.428571,Cl1
a829,0,0.857143,0.384615,0.714286,Cl2
a830,0.071429,0.071429,0.076923,0.642857,Cl1
a831,0.571429,0.642857,0.076923,0.571429,Cl2
a832,0.214286,0.214286,0.461538,0.5,Cl1
a833,0.142857,0.142857,0.384615,0.714286,Cl1
a834,0.928571,0.285714,0.538462,0.285714,Cl2
a835,0.642857,0.5,0.461538,0.571429,Cl2
a836,0.071429,0.5,0.307692,0.142857,Cl1
a837,0.142857,0.142857,0.923077,0.285714,Cl1
a838,0.857143,0,0.230769,0.928571,Cl1
a839,0.571429,0.214286,0.384615,0.928571,Cl1
a840,0.357143,0.571429,0.615385,0.642857,Cl2
a841,0.928571,1,0.076923,0.357143,Cl3
a842,0.857143,0.714286,0.923077,0.785714,Cl3
a843,0.142857,0.071429,0.615385,0.5,Cl1
a844,0.785714,0.714286,0.538462,0.071429,Cl3
a845,0.714286,1,0.461538,0.428571,Cl3
a846,0.5,0,0.230769,0.928571,Cl1
a847,0.714286,0.571429,0.076923,0,Cl2
a848,0,0.357143,0.615385,0.357143,Cl1
a849,1,0.285714,0.615385,0.285714,Cl2
a850,0.857143,0.642857,0.461538,0,Cl2
a851,0.642857,0.214286,0.384615,0.571429,Cl1
a852,0.357143,0,0.538462,0.714286,Cl1
a853,0.142857,0.5,0.615385,0.428571,Cl1
a854,0.5,0.214286,0.461538,0.785714,Cl1
a855,0.071429,0.785714,0.538462,0.142857,Cl2
a856,0.142857,0.785714,0.076923,0.571429,Cl2
a857,0,0.071429,0,0.714286,Cl1
a858,0.571429,0.357143,0.307692,0,Cl1
a859,0,0.214286,0.307692,0.5,Cl1
a860,0.785714,0.5,0.538462,0.714286,Cl2
a861,0.857143,1,0.230769,0.071429,Cl3
a862,1,0.285714,0.307692,0.928571,Cl2
a863,0.571429,0.428571,0.461538,0.785714,Cl2
a864,0.571429,0.571429,0.461538,0.571429,Cl2
a865,0.071429,1,0.461538,0.857143,Cl2
a866,1,0.5,0.384615,0.285714,Cl2
a867,0.071429,0.857143,1,0.142857,Cl2
a868,0.214286,0.785714,0.769231,0.571429,Cl2
a869,0,0.642857,0.538462,0.714286,Cl1
a870,0.785714,0.357143,0.230769,0,Cl1
a871,0,0,0.538462,0.928571,Cl1
a872,0.928571,0.785714,0.538462,0.571429,Cl3
a873,0.071429,0.857143,1,0.428571,Cl2
a874,0.928571,0,0.384615,1,Cl1
a875,0.928571,0.428571,0.384615,0.857143,Cl2
a876,0.5,1,0.384615,0.142857,Cl3
a877,0.571429,0.428571,0.153846,0.571429,Cl1
a878,0.857143,0.214286,0.384615,0.642857,Cl2
a879,0.857143,0.5,0.230769,0.928571,Cl2
a880,0.714286,0.714286,0.923077,0.571429,Cl3
a881,0.5,0.714286,1,0.785714,Cl3
a882,0.357143,0.785714,0,0.142857,Cl2
a883,0.5,0.571429,1,0.714286,Cl2
a884,0.071429,1,0.538462,1,Cl3
a885,1,0.714286,0.153846,0,Cl3
a886,1,1,0.307692,0.357143,Cl3
a887,0.571429,0.571429,0.923077,0.785714,Cl3
a888,0.214286,0.785714,0.384615,0,Cl2
a889,0.357143,0.928571,0.923077,0.857143,Cl3
a890,0.857143,0.071429,1,0.714286,Cl2
a891,0.571429,0.285714,0.153846,0.714286,Cl1
a892,0.5,0.571429,0.076923,0.142857,Cl1
a893,0.5,0.785714,0.307692,0.071429,Cl2
a894,0.214286,0.357143,0.923077,0.357143,Cl1
a895,0.714286,0.214286,0.230769,0.714286,Cl1
a896,0.857143,0.285714,0,0.285714,Cl1
a897,0.642857,0.857143,0,0.428571,Cl2
a898,0.714286,0.428571,0.230769,0.142857,Cl2
a899,0.142857,0.428571,0.769231,0.357143,Cl1
a900,0.928571,0.785714,1,0.928571,Cl3
a901,0.214286,0.642857,0.384615,0.357143,Cl1
a902,0.642857,0.571429,0.769231,0.714286,Cl3
a903,0.357143,0.357143,0.076923,0.928571,Cl1
a904,1,0.642857,0.692308,0.714286,Cl3
a905,0.142857,0.071429,0.153846,0.285714,Cl1
a906,0.357143,0,0.153846,0.571429,Cl1
a907,0,0.214286,0.538462,0.285714,Cl1
a908,0.714286,0.5,0.461538,0.428571,Cl2
a909,0.785714,0.428571,0.769231,0.642857,Cl2
a910,0.5,0.928571,1,0.357143,Cl3
a911,0.142857,0.071429,0.538462,0.785714,Cl1
a912,0.357143,0.428571,0.230769,0.714286,Cl1
a913,1,0.857143,0.384615,0.571429,Cl3
a914,0.142857,0.357143,0,0.571429,Cl1
a915,0.071429,0.071429,0.307692,0.285714,Cl1
a916,0.5,0.714286,0.076923,0.928571,Cl2
a917,0,0.857143,0,0.071429,Cl1
a918,1,0.142857,0.384615,0.357143,Cl2
a919,0.785714,0,0.384615,0.785714,Cl1
a920,0,0.285714,0.461538,0.928571,Cl1
a921,1,0.285714,0.923077,0.857143,Cl3
a922,0.142857,0.285714,0.923077,0.928571,Cl1
a923,0.214286,0.214286,0.769231,0.5,Cl1
a924,0.642857,0.071429,0.307692,0.071429,Cl1
a925,0.5,1,0.230769,0.857143,Cl3
a926,0.5,0.142857,0.384615,0,Cl1
a927,0.357143,0.5,0.230769,0.571429,Cl1
a928,0.714286,0.642857,0.461538,0.785714,Cl3
a929,0,0.142857,0.461538,0.857143,Cl1
a930,0.857143,0.428571,0.923077,0.071429,Cl2
a931,0.142857,0.785714,1,0.857143,Cl2
a932,0.857143,0.214286,0.153846,0.428571,Cl1
a933,0.214286,0.285714,0.923077,0.428571,Cl1
a934,0.357143,0.214286,0.076923,0.571429,Cl1
a935,0.857143,0.428571,0.384615,0.571429,Cl2
a936,0.642857,1,1,0.142857,Cl3
a937,0.142857,1,0.538462,0.571429,Cl2
a938,1,0.857143,0.230769,0.142857,Cl3
a939,0.5,0.714286,0,0.071429,Cl2
a940,0.928571,0.214286,0.923077,0.285714,Cl2
a941,0.785714,0.071429,0.461538,0.285714,Cl1
a942,0.785714,0.142857,0.153846,1,Cl1
a943,0.5,0.928571,0.384615,0.928571,Cl3
a944,0.571429,0.714286,0.692308,0.428571,Cl3
a945,0.714286,0.5,0.538462,0.785714,Cl2
a946,0.928571,0.571429,0.538462,0.571429,Cl3
a947,0.857143,0,0.076923,1,Cl1
a948,0.928571,0.357143,0.153846,0.714286,Cl2
a949,0.928571,0.357143,0.923077,0.142857,Cl2
a950,0.357143,0.571429,0.538462,0.071429,Cl1
a951,0.857143,0.571429,0.384615,0.714286,Cl3
a952,0.928571,0.285714,0.384615,0.142857,Cl2
a953,0.785714,1,0.923077,0.928571,Cl3
a954,0.714286,0.071429,0.692308,0.571429,Cl1
a955,0.785714,0.928571,0.923077,0.642857,Cl3
a956,1,0.857143,0.769231,0.714286,Cl3
a957,0.357143,0.357143,0,0.785714,Cl1
a958,0.785714,0,0.923077,0.857143,Cl2
a959,0.071429,0.785714,0,0.071429,Cl1
a960,0.071429,1,0.076923,0.857143,Cl2
a961,0.142857,0.928571,1,0,Cl2
a962,0.214286,0.142857,0.153846,0.357143,Cl1
a963,0.214286,0.428571,0.307692,0.857143,Cl1
a964,0.214286,0.428571,0,0.285714,Cl1
a965,0.571429,0.5,0.615385,1,Cl2
a966,0.857143,0.714286,1,0.285714,Cl3
a967,0.142857,1,0.538462,0,Cl2
a968,0,0.357143,0.923077,1,Cl1
a969,0.857143,0.214286,0.692308,0,Cl2
a970,1,0.428571,0.230769,0.785714,Cl2
a971,0.357143,0.285714,0,0.928571,Cl1
a972,0.857143,0.642857,0.384615,0.642857,Cl3
a973,0.142857,0.642857,0.076923,0.357143,Cl1
a974,0.857143,0.928571,0.461538,0.357143,Cl3
a975,0.785714,0.142857,0.076923,0.857143,Cl1
a976,0.714286,0.5,0.384615,0.071429,Cl2
a977,0.714286,0.928571,0.153846,0.357143,Cl3
a978,0.071429,0,0.230769,0.357143,Cl1
a979,0.642857,0.357143,0.307692,0.785714,Cl2
a980,0.071429,0.285714,0.153846,0.357143,Cl1
a981,0.142857,0.857143,0.461538,0.285714,Cl2
a982,0.142857,1,0.384615,1,Cl3
a983,0.928571,1,0.769231,0.142857,Cl3
a984,0,0.071429,0.615385,1,Cl1
a985,0.857143,0.5,0.307692,0,Cl2
a986,0.214286,0.5,0.769231,0.928571,Cl2
a987,0.642857,0.928571,0,0.357143,Cl3
a988,0.214286,0.428571,0.692308,1,Cl1
a989,0.928571,0.285714,0,0.285714,Cl1
a990,0.571429,0.285714,0.461538,0,Cl1
a991,0.142857,0.714286,0.538462,0.142857,Cl1
a992,0.5,1,0.076923,0.928571,Cl3
a993,0.714286,1,0.615385,0.357143,Cl3
a994,0.785714,1,0.076923,0.428571,Cl3
a995,0.357143,0.285714,0.076923,0.714286,Cl1
a996,0.857143,0.142857,1,0.142857,Cl2
a997,0.857143,0.5,0.307692,0.071429,Cl2
a998,0.5,0.285714,0.769231,0.714286,Cl2
a999,1,0.571429,0.461538,0,Cl2
a1000,0,0.5,0.769231,0.5,Cl1
